"ATHLETE","DATE","AAL","SPEEDMAX","JUMPS","PHYSIOLOAD","EXERTIONS","DISTANCE","TIME","COUNTERMOVEMENT_DEPTH","PEAK_POWER_BM","FLIGHT_TIME","JUMP_HEIGHT_FT_RELATIVE_LANDING_RFD","JUMP_HEIGHT_FT_RELATIVE_PEAK_LANDING_FORCE","JUMP_HEIGHT_IMP_DIS","JUMP_HEIGHT_IMP_MOM","LANDING_RFD","MEAN_LANDING_ACCELERATION","MEAN_LANDING_POWER","MEAN_LANDING_VELOCITY","MEAN_TAKEOFF_ACCELERATION","CONCENTRIC_MEAN_FORCE","ECCENTRIC_MEAN_FORCE","ECCENTRIC_MEAN_POWER","ECCENTRIC_CONCENTRIC_MEAN_FORCE_RATIO","CONCENTRIC_MEAN_POWER","CONCENTRIC_MEAN_POWER_BM","ECCENTRIC_MEAN_POWER_BM","MEAN_TAKEOFF_VELOCITY","PEAK_LANDING_ACCELERATION","PEAK_LANDING_FORCE","PEAK_LANDING_POWER","PEAK_LANDING_VELOCITY","PEAK_TAKEOFF_ACCELERATION","TAKEOFF_PEAK_FORCE","PEAK_POWER","CONCENTRIC_PEAK_VELOCITY","CONCENTRIC_RFD","CONCENTRIC_TIME_TO_PEAK_FORCE","CONTRACTION_TIME","ECCENTRIC_DURATION","LANDING_NET_PEAK_FORCE_BM","PEAK_NET_TAKEOFF_FORCE_BM","CONCENTRIC_RFD_BM","VERTICAL_VELOCITY_AT_TAKEOFF","CONCENTRIC_DURATION","CONTRACTION_TIME_ECCENTRIC_DURATION","ECCENTRIC_CONCENTRIC_DURATION","FLIGHT_TIME_CONTRACTION_TIME","FLIGHT_TIME_ECCENTRIC_DURATION","MINIMUM_ECCENTRIC_FORCE","BRAKING_PHASE_DURATION","TIME_TO_BRAKING_PHASE","ECCENTRIC_ACCELERATION_PHASE_DURATION","ECCENTRIC_DECELERATION_PHASE_DURATION","BRAKING_PHASE_DURATION_CONTRACTION_TIME","BRAKING_PHASE_DURATION_CONCENTRIC_DURATION","ECCENTRIC_MEAN_BRAKING_FORCE","ECCENTRIC_MEAN_DECELERATION_FORCE","FORCE_AT_PEAK_POWER","P_1_CONCENTRIC_IMPULSE","P_2_CONCENTRIC_IMPULSE","ECCENTRIC_BRAKING_RFD","ECCENTRIC_BRAKING_RFD_BM","ECCENTRIC_DECELERATION_RFD","TAKEOFF_PEAK_FORCE_BM","CONCENTRIC_PEAK_FORCE","CONCENTRIC_PEAK_FORCE_BM","ECCENTRIC_PEAK_FORCE","ECCENTRIC_PEAK_FORCE_BM","PEAK_LANDING_FORCE_BM","MEAN_ECCENTRIC_CONCENTRIC_POWER_TIME","LOWER_LIMB_STIFFNESS","CONCENTRIC_RPD","CONCENTRIC_RPD_BM","RSI_MODIFIED","TOTAL_WORK","VELOCITY_AT_PEAK_POWER","ECCENTRIC_PEAK_VELOCITY","ECCENTRIC_PEAK_POWER","ECCENTRIC_BRAKING_IMPULSE","ECCENTRIC_DECELERATION_IMPULSE","CONCENTRIC_IMPULSE","FORCE_AT_ZERO_VELOCITY","POSITIVE_IMPULSE","ECCENTRIC_UNLOADING_IMPULSE","POSITIVE_TAKEOFF_IMPULSE","CMJ_STIFFNESS","CONCENTRIC_MEAN_FORCE_BM","ECCENTRIC_PEAK_POWER_BM","ECCENTRIC_PEAK_POWER_CONCENTRIC_PEAK_POWER","P_2_CONCENTRIC_IMPULSE_P_1_CONCENTRIC_IMPULSE","CONCENTRIC_IMPULSE_100_MS_CONCENTRIC_IMPULSE","LANDING_IMPULSE","ECCENTRIC_DECELERATION_IMPULSE_BM","DISPLACEMENT_AT_TAKEOFF","FORCE_AT_ZERO_VELOCITY_BM","RSI_MODIFIED_IMP_MOM"
1,"2023-11-08",0.746433489044663,-1.0113768087506,-0.372197333347038,-0.441080467171537,0.827107053991325,0.546288285045697,0.558788697629354,-0.482100252869822,0.396597033695229,0.98606655997786,-0.573284386473872,-0.771236257021048,0.109357364579145,0.0589703554884664,-0.514649431548456,0.736615536907754,-0.482677052662197,0.629418355643834,-0.806022875236605,-1.86171359579221,-1.57566594717763,-1.44364727693406,0.745736275164334,-1.78354980083783,-0.97120531948875,-0.922760646197121,-1.33037381215086,-0.0687818470644369,-0.635224655175085,-0.427680915556889,0.112368557669978,-0.74995992849919,-1.81637154002005,-1.54325025241678,0.0414967023847477,1.00265500022135,1.2837423156143,1.28168058430301,1.52241363625377,-0.0687818470644369,-0.755656478726101,1.2836727088652,0.0747741370509555,0.883623285768659,-1.13463122934047,1.1151599739295,-0.949457968557762,-1.07632589889595,0.660728517982006,2.20840936388066,-0.0369645499845054,0.253546739968026,2.14542563501452,1.59500492114936,2.83676147940119,-1.79754239804124,-1.88479829432981,-1.67625435956759,-1.54717435603761,-0.0404874708666508,-1.82166098453484,-1.54418425600128,-1.51678412163399,-0.755640429351713,-1.83678557719551,-0.749945353845849,-1.81571810852528,-1.47203364580593,-0.0687756412028432,-1.070470517034,-1.65893354585814,-1.30949036457828,-0.643150340429771,-0.648600340052343,-0.924015263503782,0.0536441844011553,1.39548839851721,-1.69040100553669,-0.322704058840122,-0.619538334908686,-1.02150962930055,-1.82175131366359,-0.91901010546613,0.180612153181187,-0.738387769913706,-1.28253209097134,-0.806051424693418,-1.24930210506924,-1.43251335918843,1.38808202830001,-1.14505900089917,-0.236157159842487,-1.37918665076731,-0.348996870504421,-1.47777469840447,-0.740814828559975
1,"2023-11-12",0.707908920366999,0.307074758433364,-0.301177347478699,-0.366228882189127,1.00549459633993,0.63419819249614,1.36898979864032,-0.1828020152566,-0.40252382962779,0.335217432535571,-0.536036941941499,-0.920088114677596,-0.412783569994093,-0.415794648845864,-0.48836647889696,0.555836334829211,-0.51544773434981,0.741035271955191,-1.0645701307161,-2.05908235962159,-1.63231577600448,-1.15075757835179,0.790613878866597,-1.97257534926289,-1.21333235161322,-0.36070789610581,-1.35949427662437,-0.409187911483584,-0.768101254009125,-0.609965226948127,-0.272725274168607,-1.02908070047482,-2.03037579717175,-1.9783820663305,-0.391048013089516,0.471493382778362,1.28374231561443,0.731557275219142,0.505279170904478,-0.409187911483584,-1.02160935908887,0.743652154383253,-0.410156231974796,1.14773209074039,0.998250221696371,-0.977965074159136,-0.659618670195969,-0.491727518316944,0.221484199547866,1.44295481715041,-0.710352215808422,-0.537955261820701,1.30387222508516,1.29254289341684,0.958639456839584,-1.77771677760895,-1.67839067702869,-2.03670614213325,-1.61398805884856,-0.157470133936877,-1.64152829324381,-1.31408570569031,-1.3985962553555,-1.02153943564621,-2.05821257453642,-1.02900981872708,-1.74648386973959,-1.3488085055709,-0.409204939891675,-0.886169662636334,-1.48777318799125,-1.54933491357191,-0.887257869357241,-0.533674945441471,-1.02570353156673,-0.331189636087279,0.989467296856908,-1.6935543385258,-0.771270896982741,-0.772573961069769,-1.13304935118588,-1.7572556802246,-0.940714398444281,-0.210476511980224,-0.863943234637696,-1.26740395937064,-1.06451462895632,-1.21799265868508,-1.2115899115436,1.3328956140433,-1.20733152735181,-0.821403966859685,-0.941179861050895,0.129428839307758,-1.35089254636937,-0.585864180290578
1,"2023-12-06",0.820526981413388,-0.596963316390108,0.409022511204695,-0.0630355863427528,1.91973075087652,0.990285380575193,-1.22905506526818,-0.638555121501113,-0.732821425015176,-0.0308852016505806,-0.429544575973305,-0.822416845302815,-0.927103441674937,-0.92481876491734,-0.429497635018607,0.589666360949172,-1.2374384365513,0.547565950348839,-1.07693423963913,-2.04874769764042,-1.62030792883862,-1.10556524701951,0.895693433115115,-2.0086572515266,-1.29638909973496,-0.30186101715056,-1.38861474109788,-0.368215471955265,-0.702913748399819,-0.600629953397267,-0.57224269893195,-1.13629265262439,-2.06903847853025,-2.10544017150854,-0.853630556027269,0.25158466093698,1.32753770170072,0.967324407683724,0.929085198133422,-0.368215471955265,-1.12376344558582,0.503522970455693,-0.933809518346492,1.05969582241654,0.0859047407519584,-0.164564896035414,-0.926088521829168,-0.8814102090879,0.121560290904545,1.94654333473611,-0.611324617893035,-0.561234732461453,1.99040263844866,1.6935094121117,2.01732457600234,-1.79318252041546,-1.83026429796142,-2.05545914078045,-1.51914866652881,-0.331072233681433,-1.63434609678163,-1.37169679928008,-1.460142599881,-1.12377691292856,-2.09821383425616,-1.13630938064046,-1.71408636983778,-1.30080356115006,-0.368219116000788,-0.969657275726642,-1.54332672172448,-1.54530213874539,-0.891800627307217,-0.797352599918979,-0.990151363825188,-0.753461101036226,0.939323219285094,-1.64428314800576,-0.383315603986384,-0.480488488083729,-1.16888798318785,-1.71554738911895,-1.08360817362707,-0.230593796009516,-0.778945554064411,-1.46093885542622,-1.07693676290069,-1.15891699047282,-1.06508375479944,1.18692099511546,-1.07532067895692,-0.845665431232444,-0.946007034392189,-0.351707129189886,-1.3014629361062,-0.779959795376618
1,"2023-12-09",1.16202561707058,-0.166177317965513,-0.301177347478699,0.0879276804366801,1.38456812383071,1.16758508523632,1.65256018399416,0.045170612393146,-0.729546922991939,-1.21054924513938,-0.803223312848751,-1.23091303100192,-1.45424881399106,-1.20225908082819,-0.748319880165489,0.348627424844449,-1.40013797222234,0.401223771185061,-0.834322946771555,-2.0960331412063,-1.83004845710414,-1.50492476398367,0.93893634534296,-2.08974539237674,-1.19313295047002,-0.806325297138215,-1.4967764662852,-1.08909206382264,-1.24980166865317,-1.13845240268965,-0.901177013627407,-0.93037176521986,-2.10932828958441,-2.33447845127612,-1.30419796797963,0.359583205920664,1.07936384721167,0.766485739288059,0.816070257539169,-1.08909206382264,-0.927557148417531,0.685338906385605,-1.22357589453864,0.619514480797209,-0.350270779202644,0.326370158350353,-1.02431575690006,-1.03063474214461,0.42945378741087,1.42281127644702,-0.254825265397923,-0.0723658490036042,1.34816450981835,1.20651469001001,1.77613112068343,-1.92284440715236,-1.85217709285891,-2.09756532523027,-1.8371969212459,-0.704425680364487,-1.61792314831977,-1.26308229773276,-1.37043271983771,-0.92753966478435,-2.1399027327187,-0.930355836825882,-1.73075351155907,-1.18714846713935,-1.08906892531206,-1.00291216010179,-1.43733652148509,-1.43073332032342,-0.659699254768846,-1.06305837958392,-1.41686675803427,-1.48851194169952,1.74593928204971,-1.98821090967176,-1.21296458592522,-1.34250380570954,-1.5547790415954,-1.71686269877913,-1.57249149411132,-0.87340513035137,-1.34160240758332,-1.21729502348428,-0.834434201945347,-1.54185376377903,-1.4834512149272,1.12281765501608,-0.902900334185766,-0.591397959328201,-1.72790334103627,-0.222032404714647,-1.18443484516367,-0.739444794082125
1,"2023-12-17",0.472460445658759,0.236618956946667,-0.0881173898736804,-0.51591012639537,1.31767279544998,0.458404163971346,-0.84555987745632,-0.0285049475484337,-0.543469786280165,0.00979286881439079,-0.812829958862955,-1.45079853911286,-1.16610776334973,-1.19859123376539,-0.691664534900472,0.321140528621981,-0.426675992737232,0.401223771185061,-1.10028866760487,-2.04938374079534,-1.60790477925262,-1.45648352895454,1.37057597271686,-2.1702844773789,-1.58117407769475,-0.920623253893168,-2.15406695011583,-1.24790282839328,-1.17273829023055,-1.10352444864234,-0.446552351040189,-0.730920564582972,-1.82858112976637,-2.00339914955947,-1.23210718206725,1.73289292629886,1.21075000547037,1.01098498776958,0.99971953600479,-1.24790282839328,-0.737515321986124,2.06865483507899,-1.22012661896832,1.0596958224162,-0.0397351901474496,0.0472600786601908,-0.958600979815311,-0.932723965167622,0.261653013936351,2.20840936388073,-0.769768774557692,-0.654352615025208,2.18971791974793,2.02797334921865,2.6434224531585,-1.88499980545057,-1.91106216360647,-1.81787952978717,-1.7923396579422,0.0173026796261958,-1.8820244929324,-1.61973232982265,-1.61870785301769,-0.737420309925456,-1.84941887541276,-0.730823101571883,-1.92907701888176,-1.6099949719786,-1.24791174649854,-1.06137459133529,-1.57623927690185,-1.49962475954679,-0.846257851300923,-0.815316980244154,-1.25014838317283,-1.16991588514513,1.59600927669043,-1.80334039530237,-0.773819900524264,-0.846688598198752,-1.13851791379894,-2.05507916106061,-1.12472013484799,-0.352010119374789,-0.901021237375915,-1.08851006696365,-1.10019315922775,-1.39514593681173,-1.36457176760317,1.62291008812368,-1.28704638572318,-0.63898428118142,-1.59405126459232,-0.295851896267835,-1.80062295059502,-0.850806099175163
1,"2024-01-13",0.618248674564207,-0.140695917109157,-1.15341717789877,-0.034399440896726,0.849405496784901,0.769697894862093,0.280619652948922,-0.621396674127452,0.212228332821667,0.619963925791419,-0.685534346809926,-1.1129671347634,0.0993854379819899,0.0749851882496171,-0.543213638396222,0.437959837567472,-0.843912214669344,0.254881592021283,-1.03846812298969,-2.03242466857001,-1.62585591926748,-0.773643628697655,1.22142068039946,-1.92403292956031,-1.14888031507076,0.277518790134834,-1.35533421027101,-0.63601179070061,-0.828448482895659,-0.744150248821332,-0.903851276348509,-0.851441586654567,-1.9178132892976,-1.68340641312021,0.119595053789822,0.144639917818729,1.48812078401724,0.644236115047105,0.29337615728995,-0.63601179070061,-0.85235060542753,0.391603190594662,0.0905041333379155,1.29445920461372,1.63098161647226,-1.47805108657017,-0.516051813361924,-0.263772027854068,-0.246692582253135,1.01994046237827,-0.591519098310074,-0.677632085665898,1.10455694378608,0.785483323793141,0.0164562646763524,-1.52828130727302,-1.52490017258967,-1.84711106640838,-1.52639492068123,0.165398819047753,-1.44412535345654,-1.08419088763226,-1.31465942286198,-0.852379248965381,-1.94174354772357,-0.851474003030909,-1.58928981243541,-1.13277354755549,-0.636014644036255,-0.793163840805874,-1.41499705721348,-1.50091087601841,-0.838454629930574,-0.371783343831716,-0.846847877501313,0.128638915951593,0.13827190241908,-1.36856895609392,-0.55366559954916,-0.661228072387,-0.899938314070935,-1.63266803858978,-0.980480018691991,-0.772657846667315,-0.684323118541776,-1.38456576916093,-1.0385773569129,-0.759511710995998,-0.880279004391493,1.52164371627654,-1.21389685160514,-0.79504018536649,-0.151613427461085,-0.134150125069386,-1.17802352882837,-0.452895187769917
1,"2024-01-27",0.999966806409244,-1.4358709516736,-0.940357220293753,0.267296607903953,1.89743230808294,1.10663122645846,0.140184795440355,0.0170194756995666,0.470059774738288,0.619963925791563,-0.712362367754752,-1.18093126731054,-0.0557883488840277,-0.0674673281385272,-0.583093019988677,0.653626254082224,-0.522867970366679,0.693908129512618,-0.624407853056006,-1.76049335554748,-1.5773855088029,-1.14341490532413,0.663460471339992,-1.71932660757214,-0.864892681892934,-0.407231876641943,-1.32621374579751,-0.756148431256639,-0.924389512110795,-0.82221148853557,0.149808235765396,-0.574723841192638,-1.71113417429081,-1.50971630254375,-0.174775655352381,0.559173652117811,1.15235615735545,0.469593794702759,0.335756760012672,-0.756148431256639,-0.588687385624178,0.815669095101974,-0.052772370693752,0.619514480797027,0.414066967461198,-0.484608694009957,-0.371379917971892,-0.30094968425771,0.000634590471773959,0.959509840267772,-0.472685980811762,-0.584514203102495,1.08241080141923,0.961234926908332,0.898373563936131,-1.59057403193658,-1.60272974722225,-1.55309513721748,-1.62157224709654,-0.0660443600776949,-1.40725581886514,-1.0688605817376,-1.27315526212325,-0.588773779244051,-1.72790027985761,-0.57481663460858,-1.56704929254079,-1.09244550121995,-0.756160372263648,-0.795749224618273,-1.25740659849465,-1.16725694760489,-0.481697615542425,-0.264302048319239,-1.1015552648609,-0.24081101470217,1.11741756880032,-1.6364723851868,-0.690338161260867,-0.846007531387286,-1.05947478105015,-1.55051169595456,-0.70572759858696,-0.754126254803229,-0.805465865018836,-1.01608511397832,-0.624473771491641,-1.17236598732439,-1.37125679053538,1.48772507691117,-1.03502457257154,-0.57594331681207,-1.13933754974595,-0.162209608592913,-1.08692133374026,-0.398759051305015
1,"2024-02-07",1.07004258031846,-0.756226018403853,-0.443217319215377,0.440568340292634,1.56295566617931,1.30014067629376,-0.931981328230823,-0.294947652456108,0.196994779930956,0.131827080209811,-0.514967508621218,-0.762001355506114,-0.265990892250531,-0.272063500933113,-0.497852424021592,-0.280399623323578,-0.770464042423685,-0.0427635181423346,-0.739256687052209,-1.74522208411231,-1.47673678649951,-0.909623904274694,0.652057584776781,-1.68499209733255,-0.914195167577995,-0.0946968890489927,-1.16397115801653,-0.303408649321829,-0.743521202810679,-0.514801601971737,-0.315513477706227,-0.688035783723141,-1.70585211980887,-1.52913101946606,-0.270896703235551,0.154271645516902,1.19615154344179,0.495790142754474,0.33575676001276,-0.303408649321829,-0.696653687387341,0.36356359527383,-0.263901440207242,0.707550749121035,0.567420063588237,-0.623718322758688,-0.514769209530759,-0.41639750033757,0.0834000893636592,0.878935677454104,-0.39346390247946,-0.37499896733502,0.883095520120396,0.790486175670778,0.598363703737299,-1.48552061817805,-1.43541097494175,-1.5313179849414,-1.46826398735183,-0.1043907753604,-1.29495466427556,-0.995369418735971,-1.18417499364666,-0.696594443478647,-1.7224339355405,-0.687975823832632,-1.41480641078288,-0.933020595077304,-0.303393220095043,-0.763627540746367,-1.25366563940939,-1.20364141821369,-0.567777390138961,-0.459548169665088,-0.947691931737893,-0.382362672893566,0.592831278747606,-1.47317510468473,-0.787404977549892,-0.780053551007509,-1.01646424153566,-1.40752331914574,-0.941236121655381,-1.01436482163799,-0.807480754976797,-1.15215726502419,-0.739449959811643,-0.994042139157805,-1.12042293682229,1.27879859468767,-0.942139645634991,-1.03678061251767,-0.574165613146103,-0.251505954609685,-0.9352675662672,-0.454602495225838
1,"2024-02-15",0.507825055802866,-1.51620743953903,-0.727297262688735,-0.0121403822463529,1.29537435265641,0.794556752245307,0.491271939211775,0.380732783649828,-0.106394951004614,-0.356309765371761,-0.819104772212611,-1.3458157571264,-0.659595083573706,-0.637228248396372,-0.685986470268384,0.298410979822632,-0.589253885194877,0.483076176480056,-0.426856868263491,-1.51761217041086,-1.41592986171206,-1.09372706396758,0.353522173514791,-1.52384856353681,-0.718181242010706,-0.459058715046681,-1.09325003000943,-1.21720187301264,-1.11999442065573,-1.10558978837949,0.358400728011297,-0.537199657940286,-1.56330393611487,-1.6043533472363,-0.739486811666005,0.540452088005533,0.860386916780125,0.137773386048961,-0.00328806177042515,-1.21720187301264,-0.552933455350243,0.747550233423699,-0.638419370081429,0.208678561952354,0.364916831749676,-0.437885291644741,-0.304562412076051,-0.24335980867166,0.277207608313847,0.496208404089006,-0.492491500394899,-0.654352615025022,0.617341811721387,0.744405680433273,0.674001578448616,-1.39225467989987,-1.39832019921757,-1.40197858921299,-1.45638111010295,-0.387179740975489,-1.20727650904823,-0.895173047156024,-1.12223372711173,-0.552920832374461,-1.57494175704602,-0.537188500633925,-1.37040374089146,-0.89838239310611,-1.2172208322957,-0.667851806763979,-1.05190855096744,-0.93454101693808,-0.29606216605706,-0.391578656575074,-1.19500127782489,-1.06584108455924,1.28244866983741,-1.56570644132664,-1.05655485392109,-1.12448801660336,-1.13865545273411,-1.34971043047761,-0.909076728964571,-1.04043391917804,-0.962120797041422,-0.750625645250403,-0.426997382211217,-1.15696311143857,-1.21789226880027,0.948577254288683,-0.636882970768678,-0.516778899197333,-1.25618816333868,-0.0895198982508504,-0.887098921356387,-0.344255892235957
1,"2024-02-28",-0.81254459192624,-1.2549296764387,-1.36647713550379,-1.3949883606727,0.180452212977638,-0.74980423906475,-0.14068491957678,0.171464952424713,-0.0366338209443472,-0.152919413045784,-0.50399728186347,-0.73813025487122,-0.694161449672054,-0.694371051625049,-0.460589070351681,0.454874850627453,-0.910951527329474,0.468193920971875,-0.302391505104927,-1.45291660440849,-1.41726253098755,-0.862124448184159,0.259537468989997,-1.43642885009054,-0.568280423000604,-0.0629474464838291,-0.881086645988153,-0.354709321529032,-0.690583950796428,-0.601984349427891,-0.28074806233191,-0.505960313262219,-1.560144490672,-1.57965813772085,-0.709448984202515,0.248741431441966,0.699803834463763,-0.0194047022606782,-0.172810472661955,-0.354709321529032,-0.523167868077854,0.447859789640825,-0.695467478740555,0.0326060253047819,0.39644778668108,-0.467354382230342,-0.101711058089361,-0.0407636724353303,-0.265154920007542,0.0530505086135359,-0.294436304564267,-0.537955261820846,0.240857391489871,0.233885914848833,0.0304943280828892,-1.14915766665411,-1.13448263362568,-1.39665640480529,-1.44126693681102,-0.525458765866012,-0.937898086269765,-0.574310437272917,-0.954176514119192,-0.523236841831859,-1.57167231749906,-0.506034766546119,-1.21757326795079,-0.705482515745589,-0.354711145090734,-0.574797822830298,-0.935830054992394,-0.825583750936315,-0.171261964454502,-0.201322757768966,-1.1747806157851,-0.997771166696761,0.435899001240913,-1.10207248901139,-0.857747545664568,-0.938415978419047,-1.22015947906991,-1.21198295269899,-0.824575592098548,-1.19144409051176,-0.951346776143364,-0.866597865422244,-0.302513809291582,-0.504541628594051,-0.543728909426783,0.586698686462693,-0.444202967963417,-0.964093889738424,-0.391017118594398,-0.325642440351582,-0.68847426148481,-0.270527115984947
1,"2024-03-06",0.272647389286872,-1.51267298488731,-0.443217319215377,-0.470440204937485,1.18388213868853,0.282728730617041,-1.59094489038641,0.0534429644565308,1.2177851932618,0.741998137186983,-0.61752709251004,-0.961454149994134,0.718842840340664,0.692694859759742,-0.461042585565929,0.268281112809541,-0.488919087269362,0.426027530365362,-0.361464469959433,-1.5587970039778,-1.50991799934767,-1.02115792366123,0.399225526853581,-1.42756878816273,-0.456917935118986,-0.255516455631231,-0.931007442228454,-0.432454809276674,-0.595516476738698,-0.605327801832389,0.040163464200244,-0.264733420925668,-1.46963998912311,-1.09393747634701,0.660275948132651,1.08617183983564,1.00637153706783,0.286219358341583,0.137980613972686,-0.432454809276674,-0.293321173459701,1.34677086968254,0.709098760237582,0.414096521374821,0.460821549289192,-0.518695375869294,-0.177236410615887,-0.103239962942329,-0.41682752632288,0.476064863385656,-0.274630784981148,-0.677632085665795,0.860949377753762,0.459450888489238,0.27708039216479,-1.34168404604577,-1.41161643544115,-1.29831277096261,-1.44284621076005,-0.151217825910544,-1.21701502431547,-0.886121521986402,-1.23998186251584,-0.293367026397054,-1.47803133719946,-0.264783405999053,-1.51044290707859,-1.09796368875363,-0.432450633326487,-0.670442471168497,-1.17351572826098,-0.893728018031707,-0.204326670849733,-0.0920087716467114,-0.980105706270543,0.394311445840748,0.29394238725554,-1.25774544019713,-0.738511718871821,-0.722034337265086,-1.00725335288999,-1.53009069971729,-0.738478606546792,-1.07989369686097,-0.710328998588673,-0.868472298341586,-0.361314724942461,-0.671442190692045,-1.04147534952927,1.18109477506867,-0.902794361829103,-0.65969106279568,-0.287702402361316,-0.0994425981456908,-1.09260328718151,-0.158063118991298
2,"2023-11-08",0.285953359778199,-1.7893216790611,0.977182398151411,-0.138964620439235,0.26964598415194,-0.307485978114538,0.558788697629354,-0.287524717940873,-0.361806108817103,0.375895503000759,-0.341106762709728,-0.0236307990025114,0.303291803012813,0.253880925110622,-0.271332394939969,-2.62207174381464,-0.262103151579969,-4.10065852003965,0.0764997438921199,0.256594874493366,0.233238350524474,0.416593265918149,-0.324638779904414,0.377775862835782,0.28713763725474,0.442781465309505,0.604057042160806,0.0304997082746141,0.101152811209926,-0.0403752821369748,0.259453007330549,-0.0667610058356717,0.112021830483629,0.0580926365957402,0.317844715048857,-0.422943020732125,-0.327527150266358,-0.0979937464155985,-0.186937340236309,0.0304997082746141,-0.0624177124295108,-0.389761884350515,0.271330575610929,-0.202157356892293,-0.00228320558369791,-0.0977125581236949,0.116958562336181,0.105066903714775,0.898422453687079,0.758074433233432,-1.00743500955426,0.34666462253116,-0.622842160806179,1.58710133663981,1.9339853059627,-0.46448604417276,0.453202841550539,-0.133383927171001,0.334584363387988,-0.232752938084732,-0.34847970655009,-0.411017588764437,0.334618981878055,-0.0623563292111464,0.122089189145642,-0.0667113429197766,0.397959293981315,0.371235563387885,0.0305181293032966,0.0232521522120691,-0.12632486901921,-0.000973708637349264,-0.121591249446196,0.0637384707734763,0.307198922022389,0.580786764433352,0.0439959447188,0.279355882227705,-0.472935711390155,-0.0688533191659137,0.138902712031925,0.423811687350428,0.0976893984855381,0.71446740370102,0.0337633692923495,-0.227333653898962,0.0764340842714823,0.221349240789704,0.334922624892457,-0.145188033117409,0.0810511884794178,0.318248786773474,0.0423069692961791,-0.207750868244444,0.395309278961712,-0.026279476576139
2,"2023-11-12",1.61686919823931,-1.36604135381502,1.61636227096647,1.44326744780594,0.225049098564789,1.10652255123611,1.36898979864032,-0.454636510593142,-0.358816346100234,0.782676207651955,-0.329943288058716,-0.29787180447524,0.848623916285361,0.84050950648957,-0.344195059690974,0.292596444083264,0.972971673665206,0.0886964055132631,-0.107588100073087,0.256705038830655,0.355520446624652,0.770081175886013,-0.0450437989866766,0.468599940418832,0.259762133073816,0.808017697660333,0.745499298174992,-0.242716095200585,-0.258209871237357,0.0668749892215312,-1.03756441240357,-0.10650336740836,0.298682968313667,0.21490862797215,0.798449954464705,-0.422943020732125,-0.327527150266358,-0.0892616303983498,-0.342332883553523,-0.242716095200585,0.0124365750898105,-0.389761884350515,0.85658749852613,0.149987716403189,0.970645735246069,-0.969772546595219,0.208348390458169,0.355846370109596,0.53990437756787,0.133624671427079,-0.611324617893018,-0.0490863783631412,-0.489965306606762,0.484245729603406,0.00243607113027422,0.0947453719685914,0.552025360550653,-0.107474165730834,0.642449705685756,0.0855473075582483,-0.0650847560384303,-0.13505808197205,0.262597748277619,0.012487901829102,0.229778469186767,-0.106647229645249,0.509468622050984,0.414020860150785,-0.242741020353562,0.14656033157559,-0.0737279065665934,-0.194164076986261,-0.356014263651786,0.214506152183126,0.664360837062944,0.991271259512969,-0.676046042598862,0.660911464724829,-0.0722743310413492,0.274389184155055,0.507710041242948,0.479520335133278,0.883773350770665,0.33584356118899,0.381641228278519,-0.231333695360501,-0.107430238972957,0.567850631915424,0.70469847313415,-0.373578908673487,0.0359866159576582,-0.262515025123849,0.675640925530787,0.0871414734837649,0.372911088124785,0.0870750491630823
2,"2023-12-09",0.237144498278303,-0.0470390080897964,0.480042497073035,0.338065947534451,0.0466615562161856,0.118826497853447,1.65256018399416,-0.470439884014813,0.377092391208991,1.14877884183832,-0.600410344206356,-0.671536207570233,1.87292713683856,1.86594719226517,-0.530850491875756,0.546850234141097,0.561000865112745,0.158146931218107,-0.00730143880846045,0.120259232094602,0.145361599671125,-0.0731142232597656,-0.121930389720329,0.523269126171073,0.573915977169457,-0.167914496323909,1.03254387655672,-0.53077163958528,-0.524218371830393,-0.372446674989984,-0.767463877572343,-0.376196881522558,-0.21507405754474,0.379026302493394,1.79570582625259,-0.985918789122889,-0.879549386001159,0.504522258771614,0.590040376350049,-0.53077163958528,-0.38983917242579,-0.915617909585466,1.85815736387832,0.20867856195238,-0.72144435380176,0.635295371193317,-0.282052255459885,-0.390157524353006,1.05138937598923,0.87893567745414,-0.0369645499845406,1.06832821239738,-0.0913347440085917,0.781897181527256,1.4393787885537,-0.410281415464232,-0.21258805613174,-0.26704460917026,0.518611121494795,0.178403973578119,-0.530009498478784,-0.554724541343039,-0.135146586857399,-0.389767886308947,-0.187868842401622,-0.376139635531077,0.187648338911589,0.182958922707867,-0.530788337729238,-0.259128694399467,-0.361927545967655,-0.200411901002994,-0.267457409958212,-0.0984448792882404,0.692976279665591,1.99975316018209,1.01683721341109,-0.857089706570924,-0.158674791600548,-0.261718922943936,0.434851506479313,0.228650709833909,0.514402184525431,1.05116343244109,0.283387596845552,-0.484184751281667,-0.00731299172359736,-1.04215781155187,-1.20635775175067,-0.549453057728782,0.0613672208280416,0.634890422264484,-0.903660495632735,0.280008253420907,0.220623115186737,-0.0506127118356392
2,"2023-12-17",0.175484671646223,-1.30589774036677,1.6873822568348,0.152242283948119,0.448033526500543,-0.0472403003241552,-0.84555987745632,0.47481521219698,0.81374011752499,1.51488147603629,-0.665822617449651,-0.908587302947871,2.62699040156573,2.57050248786564,-0.56443023178871,0.730801001168385,1.62574738744706,0.785682038479733,0.318836278783632,0.403387814644995,0.190753699752975,0.351855582352983,-0.375792693567937,0.916850659864019,1.0303958648465,0.372058469760055,1.50263137448623,-0.768604733855622,-0.698808420209151,-0.458496118875168,0.339680888963587,0.201084026344913,0.301674195460935,0.698660127695939,2.46254559594208,-0.422943020732125,-0.327527150266358,-0.45601050311825,-0.865026983799681,-0.768604733855622,0.196666186255013,-0.389761884350515,2.5212697448311,0.00326060253343157,1.93895231252274,-1.71342910172126,0.828266092424192,1.14627298880589,0.360318421210155,0.153768212133506,-1.36393436204818,-0.63107314438094,-0.755719015004277,1.16502835930475,0.289638991801623,-0.403517405693707,0.448864702966292,-0.0509194018671972,0.683925219160695,0.124681650861408,0.0242745375130334,-0.0406756838527409,0.535623614697545,0.196763770884726,0.310406694906848,0.201082520795777,0.518074172170452,0.519363618493059,-0.768600162987319,0.442198525275731,0.428006828141812,0.148711380923111,0.0253376792514682,0.853357485462207,0.589466215808317,2.31051753944496,0.478505754380114,0.052788049591144,-0.635493935192975,-0.351740496561897,0.49271564524612,0.540986934459518,0.815231400437108,0.209662391714053,0.138385392161545,0.371676576924794,0.318850542210036,-0.025384622934832,-0.268366359251754,-0.151611154415633,-0.00172634888869236,0.359950921183267,-0.502351010057738,1.10688746581239,0.545502464997402,0.716441745458529
2,"2024-01-13",1.06077778339784,-0.527670464498494,1.47432229922979,1.1463834317082,-0.243218200100295,0.841203372438459,0.280619652948922,0.245104027334209,0.0670112865737631,0.864032348582476,-0.463754056996027,-0.710030333428489,0.571744212448861,0.560341599216023,-0.380896499861358,0.714943176424654,1.40640034505989,0.311930238135976,0.690583820402923,0.723209435802294,0.248561346243339,0.0375853851071628,-0.528435677106936,0.807326001553971,0.811790503790096,-0.113155715700655,0.816220426182085,-0.672841587451136,-0.511802361858687,-0.256387355993363,-0.139012138113541,0.493513868242556,0.583403138422404,0.349183759099145,0.444003590395522,-0.936804228849453,-0.879549386001159,-0.263903950742478,-0.20106420781055,-0.672841587451136,0.444477909877803,-0.916608112698849,0.57881986218353,-0.730374966835478,-0.94061103130598,0.878960202237638,0.423126860235779,0.235865753247962,0.370305841496804,-0.611686334599785,0.319534802510643,0.509620917017131,-0.800011299738668,-0.554228535759644,-0.126505454976215,0.375824160259968,0.64891139786068,0.23042122675042,0.326603318039126,-0.413151961085255,0.576977171092254,0.440962222495546,0.714495333134904,0.444461001712693,0.620894600509583,0.493515099664001,0.679706205518043,0.659868128126858,-0.67284175563581,0.0716321950064388,0.396651144701096,0.582879124430777,0.390371740269698,0.397574176639283,0.0993545989875192,0.417032214119588,0.0169179062558209,0.587271738514129,-0.0676102336512039,-0.240223372545944,-0.0172834785060988,0.717924560952776,0.702953171607549,0.537562563670171,-0.118658381922333,0.339162370282999,0.690442386614656,0.547255009164082,0.540287062951274,-0.937333282071712,0.655590260115028,-0.0495809021620207,-0.0626672172874321,-0.196783759831702,0.708388339861254,0.139197608250853
2,"2024-01-27",1.45922997167589,1.51449708961501,0.551062482941374,1.64917980538017,0.26964598415194,1.29054223246863,0.140184795440355,-0.206882963404425,0.256220555655591,1.3521691941639,-0.600198268627286,-0.601358860394693,1.21982706935171,1.21309106980132,-0.499086421339917,0.706485669894663,1.78191989583956,0.38882189159491,0.302076042243516,0.637291645578742,0.452055300852464,-0.345337469498808,-0.376762764321949,0.880202271407945,0.692587458885788,-0.776013313357033,1.01174354478993,-0.49896408784619,-0.355911823798693,-0.172623999521416,0.112368557669978,0.248959708425501,0.568988359746458,0.68178953587905,1.20095684247548,-0.422943020732125,-0.327527150266358,0.635503999029693,1.01384640357896,-0.49896408784619,0.229954328234194,-0.389761884350515,1.22443145075998,-0.231502779666954,-2.07777906008591,2.27491040398751,-0.351794919769608,-0.664133164619041,0.996258245689248,-0.228959061234616,1.64650461457544,2.41853750956644,-0.711426730272482,-1.15606272344413,-0.130720555622341,0.401917832523538,0.665011725779677,0.2653798632366,0.650706907960006,0.0904230748094611,0.239417729312684,0.0783433676639926,0.605227173257956,0.229916168212522,0.590154269972585,0.249038835607947,0.681216819379971,0.538315448692351,-0.498961425635814,-0.353433344000978,0.0802991794639324,0.265242577291636,0.0129239689540205,-0.116958629179832,0.634679754357735,1.32575901641143,0.0843949880453821,0.377668257220112,0.155923520533427,-0.0382468720071683,0.451786038730701,0.708719949413464,0.879906118446927,1.83960038624669,0.228736352759911,0.0467060405405706,0.302010847618936,0.189172560963393,0.0973996671987707,-0.441091484462341,0.146435256378482,0.659052540409704,-0.0775287023110965,0.0291274380806409,0.572398942804007,-0.242191748621418
2,"2024-02-07",1.00747560573756,-1.33091080405588,2.18452215791318,1.20242864128422,0.470331969294119,0.891289829943415,-0.931981328230823,-0.458481564408672,0.232587193227009,1.39284726462906,-0.62046494164362,-0.856326455145098,1.61741684848394,1.59046261636635,-0.533470390894014,-0.0673761775994482,1.24684615533511,-1.03491388535439,0.0825444193656049,0.400552641889101,0.356722493958295,0.553509504095777,-0.102611622514335,0.780466930260473,0.656839834494193,0.504632363026487,1.28630792411159,-0.775925294380765,-0.60943953606593,-0.351226712028926,-1.56171990573942,0.173726493727434,0.422873948185678,0.568122259028824,1.72962260583291,-0.208271584793741,-0.806557075857299,0.0504522258768692,-0.0880492672162968,-0.775925294380765,0.156685190332928,-0.268435288700933,1.59057672085273,0.0912968708539465,0.351044062380467,-0.41437457599773,0.221704011191716,0.267024432675466,0.504970465897184,0.0933375900203968,-0.215214226232211,0.393223563812727,-0.512111448973338,0.210085096383616,0.0236188701097204,0.100739369020916,0.564359085087925,0.0450371146023642,0.843923736184346,0.0312088084927762,0.0351080223189392,-0.052213829080206,0.353248099242189,0.156523660688219,0.448467663344847,0.173658392686484,0.564436405694365,0.466104786964567,-0.775912534968399,0.105492784221146,-0.0254930163128344,0.0800173943185222,-0.114276511254233,0.344365523759434,0.837413431459571,1.62921166837339,-0.632884876945252,0.589889977260242,0.0972776575079371,0.201738199848129,0.58199186212381,0.595909410454594,0.408328076453226,0.377439201284237,0.418457778351656,-0.155989672706353,0.0827145892973605,0.480821681188956,0.422690157603285,-0.560264994994914,0.129223520372629,0.279157828056376,0.591303924026402,0.29781088534763,0.498968386649277,0.16249690854344
2,"2024-02-15",1.65548022395473,-0.00790566651168008,1.61636227096647,1.64071249817266,-0.26551664289387,1.28297516815687,0.491271939211775,-0.0582764216776471,0.784411968969038,1.71827182833817,-0.655751279632092,-0.965129667144871,2.19035668212583,2.18616182304746,-0.520247853519809,0.354441960583818,2.25604691091458,-0.107253292011118,0.553479590345254,0.831355479289438,0.504270067439327,0.648213283253173,-0.43112336209797,1.29469912896071,1.21219047513534,0.547459527741454,1.6149531660269,-0.873703013642946,-0.674643236263759,-0.352755913325897,0.165853812092005,0.878182958627508,1.12818879353341,1.00801956759408,2.0840689699021,-0.422943020732125,-0.327527150266358,-0.333760878882771,-0.497728426873585,-0.873703013642946,0.915443474175843,-0.389761884350515,2.14864690049,-0.348884470768489,0.413895067053642,-0.429176519151251,0.737071207557229,0.78214086773284,0.470053631621737,-0.833265282339658,0.121479606678252,0.0673109748377886,-0.844303584473059,-0.826140612471286,-1.26307887123942,0.969220403511353,1.04412111432874,0.339224102439923,0.819334522372816,-0.0901427996044312,0.995534466161905,0.713825149248033,0.967198786849948,0.915385265330032,1.10229257627323,0.878270400464658,1.03735475332795,0.930169280769249,-0.873708082064821,0.412574335853443,0.492764062811136,0.531413871428221,0.242255991095797,0.825654356124018,0.786205642730269,2.08331182930643,-0.709561836644673,1.19292124205725,0.120614317269199,0.0651759597975809,0.500844975704261,1.03058635059725,0.827053150299627,-0.202266440063338,0.298081923009849,0.4464466074915,0.553532736588961,1.0894321731358,0.884905980721917,-0.334477368732967,0.289628411882462,-0.0989804399628769,0.820046155311075,0.325126520388504,0.925305809932357,0.54574534143801
2,"2024-02-28",0.32312712823366,-1.31329290702268,0.195962553599677,0.334215888988526,0.0912584418033365,0.115385796523208,-0.14068491957678,0.136925927648,-0.402666199280975,0.0911490097448033,-0.46992184148571,-0.188567984404758,0.380657236628447,0.366552768296947,-0.45728846310885,0.37875729185754,0.161833873649814,0.227597456922951,0.0380336272426744,0.190346614906938,0.169201088658226,-0.604971310333855,-0.491092193061451,0.321290653078418,0.257502989524906,-0.938342258346162,0.583256710394013,-0.216441525253755,-0.239517029278572,-0.229497772125393,-0.272725274168606,-0.289133382449365,-0.110408634020544,-0.01270547084387,0.395943066453931,-1.29162781322409,-1.40237469767843,0.556914954874905,0.830197125113097,-0.216441525253755,-0.316570034524525,-1.22276828144105,0.385131123902744,-0.11412108856826,-1.60976902624683,1.70413422154834,-0.576938889143288,-0.798958154812707,1.17446306794205,-0.289389683344773,1.44844941874474,1.95294809674945,-0.556403733706431,-1.14987677796894,-0.447699170374173,0.155591644866446,0.191808873954194,-0.250450490921345,0.324077901982057,-0.169028313812861,-0.10793280847582,-0.0931461438497261,0.196642511028523,-0.316507288930567,-0.0827376203043695,-0.289069412446079,0.256290072086147,0.223740148711677,-0.216425437468266,-0.44063107866724,-0.0891856114400325,-0.0960165184329078,-0.189674515080479,-0.514503807718698,0.204565039576339,0.706223641233679,0.76573286214545,-0.250768845670437,-0.343606212388453,-0.414129231605087,0.1671841702057,0.287662599282546,0.100924168025334,1.69881939576198,-0.0211778421972086,-0.0951291334483176,0.0381995667239092,-0.363207660496088,-0.278722359902226,-0.36624966737919,0.0320775597174596,0.472223103554551,-0.744155445906114,0.234980447049899,0.263778319071759,-0.363931801124636
2,"2024-03-06",0.354523057969297,0.259141238697586,0.409022511204695,0.301002614578979,0.247347541358364,0.0857037605374358,-1.59094489038641,0.461386431026536,-0.201924988291225,-0.234275553975943,-0.552713445884643,-0.202769444936996,0.746256456888729,0.735811503811619,-0.531217036726479,-2.12625042349396,-0.947308946051937,-2.56530582677899,0.253169122503505,0.49680717266622,0.326475207341435,0.0630659445223703,-0.575716795084771,0.660045038523175,0.526473962642323,-0.142045956855608,0.845340890655594,-0.377124991354082,-0.296721079057296,-0.665208345691776,0.0508605150846491,0.309774764041381,0.53769669824983,0.288939582079511,0.708336472074235,-0.422943020732125,-0.327527150266358,-0.22897548667377,-0.384713486276546,-0.377124991354082,0.329994881907075,-0.389761884350515,0.753428027442442,-0.231502779667032,0.343649980160022,-0.421930187794901,0.122773392142487,0.16661746108139,0.249722181487641,-0.65197341600661,0.101674087096786,0.346664622531078,-0.932888153938144,-0.659234539770211,-1.01674768266195,0.414957429180899,0.808998876828502,-0.0114082342257265,0.609676615268664,-0.222206829245331,0.539177992539629,0.42810037142706,0.802797969026713,0.329963479238675,0.527717921032203,0.309836672404785,0.666363379928009,0.595508285509423,-0.377153198002278,0.132750441742827,0.532136600954732,0.158770446277711,-0.0322910006049425,-0.0408306594034504,0.286010974358506,0.939334753008527,0.156223539488915,0.567521591369504,-0.262917194624236,-0.358675287737916,0.313051085140628,0.676052386970509,-0.014930349328393,0.834595685393205,0.0207497420430995,0.469289154138593,0.253179110877057,0.471626901299508,0.547460678933413,-0.533117493339031,0.174081311718619,2.26001433680084,-0.22705568087279,0.51400914479967,0.606497636052237,0.166046349155331
3,"2023-11-08",0.371009446346623,-0.0706944202154123,-0.372197333347038,0.857396912102274,-0.599993284797501,0.232122195003308,0.558788697629354,-1.11167910379217,-0.609529305357642,0.864032348582114,1.46213482932091,1.93694801434561,-0.551967564756099,-0.600159336527577,1.53397274703567,0.659440789821592,0.350923035585994,-0.109733667929148,-0.00620240690418921,0.622159638494493,0.713081495039462,1.90009736277453,0.0988122673332363,0.632081319154578,0.144545812079351,2.02497184378489,0.708058700994765,2.21997153913559,2.28839965290994,2.17327086346061,-1.07500409049899,0.521241097246757,0.944096807854394,0.420182927378975,-0.355002620133331,-0.0854851841101915,-0.908746310058703,-0.429814155069443,-0.695504572910949,2.21997153913559,0.466670004530591,-0.192851522554248,-0.60243184242828,-0.260848202441719,0.976594242270898,-0.907910314995706,0.616519266145822,0.757408956264024,-0.240246806445704,0.0329069679098818,-1.00743500955412,-0.887147321433518,-0.246357740574584,0.885209528585539,0.493872123854223,0.669707505311452,0.813446179147123,0.40263936911878,0.755462212090129,-0.414228666934348,0.444141187500521,0.195226888380233,0.394497006557866,0.466635069931125,1.00991877974826,0.521336387914044,0.915929338396421,0.670502374374892,2.2199565850976,0.477267932679695,0.0295069555507223,0.278005639993064,-0.0723900090981169,0.546177275498483,0.750757047894662,0.185530243468693,-1.94593907792972,1.2364708989676,0.815823358451388,1.17137591496149,0.388429735889057,0.96675395529169,0.452686545680515,-2.13271990550045,0.623505046925269,-0.257304021905703,-0.00627239136089562,0.997507899522077,1.27322236894589,-1.14676122464873,0.678115770716715,-0.22513399030579,2.0561497356351,-0.908245660515497,0.720813565795682,-0.00678031318120386
3,"2023-11-12",-1.24003453683986,-0.16804715849094,-0.372197333347038,-1.07453277449521,-1.44733411095337,-1.36654514933012,1.36898979864032,-1.76701932976609,-1.53422020278914,0.660641996256535,1.63633575151372,1.54892406395921,-0.929030305033631,-0.947244184111296,1.53489925843012,0.615567474697268,0.5774366010021,0.0688533981690218,-0.642267121500391,0.169737569544255,0.714976391529281,2.06044378674282,0.445826620811124,0.251880842963074,-0.34901060795923,2.22303853518812,0.674778170167897,1.69181295923244,1.72253119859581,1.81511728364785,-0.181800341651162,0.296280845926004,0.847686314872605,-0.118467000182809,-0.57127497787046,-0.871318148484926,-0.894147848029931,0.00679164579096701,-0.314079148404828,1.69181295923244,0.281383626953351,-0.787790356706129,-0.960754960011666,0.414096521374743,1.42364580504807,-1.30499113312334,0.0788608207625461,0.306089119162154,-0.0789968135132633,0.274629456351119,-0.710352215808193,-0.30516055541239,-0.202065455841294,0.578841849734372,-0.126334129109681,0.686158531577605,0.938077107325349,-0.295503450480335,1.0164946577326,-0.347208618470761,0.138916241614661,-0.0105500692624397,0.305070805588439,0.281356249540465,0.837377750507447,0.296241301566648,0.85535571619264,0.565634190048396,1.6918082030998,0.23641074705886,-0.28325108085092,-0.501279990869622,-0.753492351234706,0.0922086496881347,1.11537696871606,0.511320382201972,-2.54635509023054,1.51777287142944,1.01003212538125,1.2943889122129,0.69311137717848,0.861266045305662,0.652253419756634,-0.617786143743872,0.890337510094072,-0.598237513123832,-0.642237131552462,1.29560093259384,1.99788795012909,-1.1478190475567,0.356980548779184,-0.776159445324641,2.63087122273203,-0.786389747181065,0.596723285177477,-0.335111746404738
3,"2023-12-06",-1.06345520649291,-1.00783533781173,-1.15341717789877,-0.785162786692155,-0.756082384352529,-1.12709217684499,-1.22905506526818,-1.67567416678207,-2.32750391033161,-0.234275553976449,1.00802941201263,1.65806979727052,-1.9885445861471,-1.97432488576963,0.834006456329293,0.443245779148716,0.276258431206422,-0.112214043847179,-0.938730977677195,-0.0772384032236735,0.657705059134641,1.84529787764663,1.05438390437514,-0.286605679942329,-0.998182151278689,1.9755183538335,-0.331957887344842,1.49832884209698,1.37213698401047,1.49927735277733,-0.941290954443927,-0.526293614531967,0.312015032868824,-0.628104201239147,-1.91096208274214,-0.294222065272226,-0.631375531512036,0.120309154014595,-0.215191075384816,1.49832884209698,-0.350034304239045,-0.359782452557852,-2.04929392827065,0.590169058022445,1.50670840378498,-1.3873579794777,-0.25988360993988,-0.0206218584381826,-0.515280065135461,0.476064863385531,-0.769768774557569,-0.21204267284907,-0.135627028741645,0.730098526628807,0.0150414236745489,0.47894832120787,0.721179555103753,-0.4868312721168,0.709947762957436,-0.0866939205628214,-0.140332679839031,-0.294861054411197,-0.0703843395398678,-0.350036518269324,0.13439706663832,-0.526226976318904,0.496708640217629,0.206780907490059,1.4983324595322,0.0354570323474623,-0.403664932240218,-0.85873554323408,-1.05182838057173,-0.334321211693491,0.807667851875254,-0.553354563784914,-2.07156905442563,1.4446804339795,1.00511658231222,1.19640825889107,0.565143483791935,0.364039216167948,0.727479124794291,-0.524724010424032,0.819383400558324,-0.788695912155812,-0.938615855415606,1.24094927829539,2.31823692776543,-0.695469141929114,0.0185953182313311,0.0805266241266767,2.09693313542101,-1.07216010164293,0.0696234532491114,-0.604010133575836
3,"2023-12-09",-0.614523300266386,-0.792345864651123,-0.15913737574202,-0.443764231822737,-0.845276155526831,-0.844585640408954,1.65256018399416,-1.86718564126263,-0.469579936277557,1.10810077137317,0.642125994679766,1.15383890499648,-0.0651863492411937,-0.0667178251651814,0.703205356808635,0.657855007347219,1.3129540285327,-0.0154793830440029,-0.294423523798969,0.275287476101698,0.500997383947063,1.93557492707359,0.260349462935668,0.247076604293257,-0.196584863806229,2.22193963651356,0.14228967693802,1.49569003539605,1.43540828874832,1.77197658513432,0.818373916040717,0.0153115920167645,0.48737801826327,0.3354728207494,-0.0786546074692171,-0.773089027937835,-0.908746310058716,-0.00194047022639027,-0.243444810533536,1.49569003539605,0.0311061150358076,-0.784260635612787,-0.052231715805641,0.23802398472691,0.910663304551674,-0.916670799210957,0.210472298409843,0.346114305654781,-0.444994856451897,0.133624671426989,-0.472685980811656,-0.514675791179969,0.107980537290297,0.32649173770392,-0.151583613205675,0.827032708932994,0.439329473641057,0.156259538160653,0.604516045526518,0.307229507663691,0.180421692167754,0.0518947458512029,0.0143604576008314,0.0310299628639424,0.455082748886788,0.0152162972228292,0.632826647149221,0.424620576026613,1.49568147424435,0.200352152473433,-0.384653580910679,-0.271841988460584,-0.491722331637425,0.279701195404823,0.979537140345209,0.588323022498593,-2.02578800258899,0.893107847196922,1.42629325758546,1.20926682566138,0.604892455731716,0.629281116815054,0.963846584488799,-1.19520589988003,0.834326342352426,-0.776538596918077,-0.294282651236804,0.71993764885742,0.916647929399893,-0.463394875984402,0.0245086902399692,-0.909195760951359,1.92437397048232,-1.34809638328793,0.440164870722214,-0.146436541723149
3,"2023-12-17",-1.12318875324525,-0.75003239092235,-0.585257290952056,-0.849667237249165,-0.867574598320406,-1.18046945084442,-0.84555987745632,-2.09885797179037,-1.24207767445512,0.986066559978112,1.4665466274449,0.950776462840711,-0.990087538765817,-1.02880668598264,2.259619160401,0.675298614565324,0.839702844594096,0.195352569988559,-0.774700465964914,-0.0297409452728238,0.55127765633935,2.12498550185225,0.827922238015708,-0.1502960293024,-0.750207924086446,2.4277358079015,-0.240436427570956,1.19895196573735,2.04854969958495,1.31202376209114,0.577690271141602,-0.316675763260205,0.442326100186317,-0.0696480172241018,-0.919713776446949,-0.422943020732125,-0.327527150266358,0.146505502066139,-0.215191075384866,1.19895196573735,-0.0247263770668407,-0.389761884350515,-1.06328246258341,0.678205326346165,1.65523690690022,-1.4778473262417,0.0287529754481319,0.282161507375404,-0.904510485377835,0.355203619164805,-0.650935657059151,-0.491396320539196,0.13012667965705,0.477033510466054,-0.345328824803517,0.724781223292262,0.47060751656939,-0.11795637884734,0.676082766792979,0.236931544414281,0.0542574132055566,-0.0995431789828062,-0.133108912623523,-0.0247862442619915,0.223339202998777,-0.31669993795014,0.606442308766838,0.392712799664018,1.19896369932153,0.0981343106042699,-0.407048474088411,-0.669270716531854,-0.85843614276422,0.122603876545436,1.02083446001916,0.113810569955772,-2.3444266353941,1.03307801225203,1.05584014428806,1.24852901523098,0.545341888889125,0.488239380664565,0.821423306241478,-0.89915907883341,0.87164556657259,-0.885680821810137,-0.774873576953651,0.844830170053086,1.36571026859851,-0.358903861858181,-0.31468667902002,-1.17797236186206,2.26619957604387,-1.32702026037138,0.255102244195309,-0.416012805401838
3,"2024-01-13",-1.74257040842418,-0.700514944362502,-1.08239719203043,-1.72947093504182,-1.29124501139834,-1.77901697496557,0.280619652948922,-0.691200053743358,-1.04774309785867,0.701320066721723,3.05524684362111,2.23996080998755,-0.387245476740757,-0.393606691881349,3.14114702328246,0.695913786732176,-0.397777040755845,0.354096628742488,-0.237273864776935,0.285225130754143,0.493523585290351,1.28403929181568,0.274573379563783,0.306991234307441,-0.0857539391125887,1.38332327190223,0.433494321673109,2.61970819292711,2.45133102648617,2.49295849269625,-1.12046655675771,0.148032594850207,0.505411019551914,-0.0404739129390071,-0.348995054640626,-0.861085948427933,-0.748163227742212,-0.263903950742556,-0.582489632316658,2.61970819292711,0.116704194410843,-0.834072162297847,-0.385298197754401,0.0619514480792078,1.34084072248573,-1.26983173251391,0.386511492643636,0.593915730815346,-0.423502207933345,-0.0678107356072436,-0.74996325497452,-0.607793673743517,-0.334942310040849,0.415054425797559,-0.273959048703648,0.488790505983408,0.614077667295104,-0.207455189789514,0.675347163965441,-0.167406319526718,0.125970558181266,0.147758860067522,0.265305554510074,0.116732560262069,0.540197820959181,0.148003727089532,0.63839191371779,0.464016972324738,2.6197189430403,0.269230861892691,0.0379513288521514,-0.298366348862776,-0.501925044507166,0.333756484889282,0.588720666021289,0.496733321554876,-1.25645204935784,0.717713678853664,0.425014094374291,0.727762451586966,0.432479854290291,0.66910797397421,-1.07346294164499,-0.669886296720144,0.494174557678941,-0.25559997736225,-0.237355237395671,0.546901827659404,0.938876201667335,-0.531823024628436,0.00586950756862538,-0.0345616958805458,1.26299144971577,-0.359967941004552,0.505852064127429,-0.0601929704871177
3,"2024-01-27",-0.428591652046745,0.514581450889264,-0.0170974040053409,-0.389402696384811,-0.979066812288283,-0.606176788461258,0.140184795440355,-0.607976324430184,-0.0709449073617438,0.986066559977715,1.85761384784279,1.57603594315712,0.38594012694099,0.381811389411976,1.89112746795668,0.654154848240349,-0.0857621984071944,0.428507906283393,0.163323264329441,0.602379943520082,0.515337336436723,1.23791515787752,-0.177121001235992,0.708227957372904,0.397968561948377,1.29143263831264,0.791260028061935,1.94150649652414,1.99016011066403,1.80807628611985,-0.449226613761291,0.537692586455916,0.812140259754456,0.568385930920166,0.383927935468542,-0.422943020732125,-0.327527150266358,-0.351225110914484,-0.582489632316495,1.94150649652414,0.471249325649419,-0.389761884350515,0.39848830508183,-0.231502779666902,0.79288573853552,-0.799635741894451,0.556032474529295,0.668313843243299,-0.492692445897245,-0.0275236542002754,-0.789574294140513,-0.398278437975648,-0.534257591339934,0.649604009139951,0.303427254786038,0.350061548786233,0.820493368578223,0.280834324996833,0.649917258491307,-0.0629233079827085,0.367930511158762,0.251028370241997,0.55271522877276,0.471326525199675,0.882877882067184,0.537772420547045,0.836866011743716,0.676319589048588,1.94151443769501,0.367612679899763,0.220833602279872,0.170625782183661,-0.100806115948107,0.525966129430796,0.651592638258721,0.94037915140151,-1.27529525781416,0.97773450173808,0.325704358612604,0.54068978019969,0.422340527757556,0.8912939847133,0.265127128501318,-0.532834486548687,0.431666475168587,-0.0643681315374722,0.163187126900952,0.814446759000422,0.868153468704831,-0.854543161577609,0.519754903163773,-0.139930882089961,1.22003624838896,-0.415523707222357,0.734336249491408,0.15816195466611
3,"2024-02-07",-1.69609301717469,-0.344782169579521,-0.940357220293753,-1.59018255854526,-1.62572165330197,-1.65711048329954,-0.931981328230823,0.0259070417996789,-0.470718893503028,-0.112241342580849,1.05659124541532,1.86890483841889,-0.657323985767733,-0.648332265632918,0.695863515773095,0.445888749939338,0.126060342351627,0.130862796119775,0.238881707747997,0.855082383254645,0.735901968865357,0.805975711620244,-0.0960338578748587,0.663656387999465,0.127137117673036,0.541372253128868,0.167250075058169,1.70946175243647,1.46707061455716,1.73958046298465,-0.187148867093365,-0.0059459502197902,0.600463532111016,0.566575501512395,-0.69743385321712,0.676462780589576,-1.30018546347703,-0.412349923034915,-0.540109029593547,1.70946175243647,-0.0467423439842883,0.37436835604239,-0.647270389156705,-0.524957007413194,0.171692367747267,-0.166879160033335,0.332885806835442,0.345172269501192,0.474156633868868,0.173911752834172,-0.92821293122198,-0.514675791179845,-0.357088452407346,1.12174020674963,1.33006466767424,0.2968093705359,0.496373341841238,0.691881706982017,0.491425269439869,-0.0128311731641021,0.113356149744772,-0.163791583365176,0.22293648441939,-0.0466082132538669,0.660699023562007,-0.00580682273095895,0.573207776273537,0.262860367020252,1.70945421342801,0.280355148518179,0.195766929466106,0.453889022093364,0.0550089600599765,0.130201007471621,0.297189072821007,-0.201780523518744,0.0935921367851426,0.178173733422196,0.325386619768862,0.26806524849509,0.320505198531079,0.623372900354909,-0.966864268095206,-0.587900629210485,0.351183476275579,0.21252639819432,0.238981528051441,-0.188494577348108,-0.0561950783240543,-0.779185692191408,0.619078322363777,-0.479985142292218,-0.1028157498534,-0.472178686096439,0.308606599116044,-0.0268964559364307
3,"2024-02-15",-2.34260853330689,-0.0855215890347665,-1.9346370224505,-2.45833930712539,-1.9601982952056,-2.41692933759171,0.491271939211775,-0.459626647821713,-0.820948240336207,0.579285855326447,2.99024846581306,2.04136431877838,-0.488187827547284,-0.497333948459624,2.99693621624799,0.619796227962263,-0.27562987690908,0.450831289545664,-0.127095916373878,0.559941730794927,0.698327694011008,1.3112501165421,-0.108950130389894,0.601115222966477,0.0773030687999963,1.2266217469725,0.787099961708575,2.20093240691709,2.11106414546505,1.9848530248787,-0.502711868183316,0.266520286794828,0.758108543206767,0.324595252924333,-0.156752958874292,1.79908130112588,-1.2563900773908,-0.35995722693178,-0.667250837762392,2.20093240691709,0.212869937906254,1.24436240575374,-0.492784646544867,-0.08477566579386,1.25514817150829,-1.19881764264088,0.460216362680677,0.651989835373655,-0.565933144753203,-0.12824135771749,-0.809379813723667,-0.77074996822928,-0.312796167674351,0.473757735384192,-0.160443774465243,0.69088270097363,0.600252408330244,0.174376510330771,0.953200702917103,-0.387700841241109,0.383637321262256,0.168571486989558,0.264563957358456,0.212895863604205,0.826974151924797,0.266546080546489,0.676094899446667,0.393130091433306,2.20094320123824,0.383501328189278,0.197140041884748,0.0658554240446296,-0.268058838745375,0.367183924011475,0.674574111882416,0.506187920382739,-0.70038005098921,0.689748513643384,0.523734440299539,0.745168541519754,0.538979124072351,0.729876174809289,0.422948515793073,-2.0093526602607,0.559557545678981,-0.00415181723208191,-0.127082646458899,0.383870951261147,0.672835842287598,-1.21016614821629,0.591873221647891,-1.27227270350059,0.655908756544754,-0.137355992614247,0.44274240084467,-0.027426195724401
3,"2024-02-28",-2.15472567321524,0.203245987118552,-1.9346370224505,-2.17252055747679,-1.6926169816827,-2.16677811628057,-0.14068491957678,-0.678545109674476,-0.305854835115705,0.660641996256643,2.95344805647545,1.61709897885191,0.174363270921179,0.179075724566007,2.62131342932564,0.615567474697268,0.0952046723948311,0.478115424643995,0.138320288507301,0.716560082689309,0.701917581007591,1.53192907781317,-0.113749786464855,0.813039886321132,0.385609717827865,1.55215205385973,0.803740227122009,1.77165814263458,1.51084601627005,2.00888547355752,0.361074990732397,0.713483218342552,1.09412305941656,0.58821687905556,0.191685839702197,-0.422943020732125,-0.327527150266358,-0.4472783871037,-0.709631440485114,1.77165814263458,0.644206761752887,-0.389761884350515,0.192176867612643,-0.290193625216092,0.984280661877217,-0.956346019020663,0.588545548445238,0.736585974976367,-0.369838453234134,0.0933375900205757,-1.08665708788657,-0.67763208566565,-0.467819164240285,1.02339371438738,0.668625617645449,0.471626999679199,0.94657196473872,0.3513928798332,0.75268823774633,-0.0514290397468806,0.579010234796489,0.262564986560493,0.618108061301304,0.644134319724683,1.16673033838584,0.713373124719665,1.00730521100257,0.775106531862107,1.77164863787071,0.496507373484057,0.288035354942766,0.217004995590666,-0.120424221338383,0.483958805218049,0.728963674375441,0.787740271892399,-1.5422846496333,1.20138570984878,0.654372226413496,0.82655524715897,0.461237001520131,1.06155986429596,-0.889427774720543,-1.92490172165729,0.544887125317804,0.0354266109640315,0.138248771809481,0.967000302587319,1.1311915195556,-0.91646434556404,0.39073383931418,-1.29261851324505,1.64805669432424,-0.532754984107171,0.832822558564608,0.183565047267118
3,"2024-03-06",-2.51693531204824,-0.119897887925306,-1.86361703658217,-2.52555967623655,-1.40273722536622,-2.47576123316339,-1.59094489038641,-0.60532535696672,-0.129885943780013,1.02674463044279,1.59291812807613,1.62632070647025,-0.0526284929295329,-0.0603462053848794,1.54686012661614,0.638297023496617,0.547324692407181,0.138303923873866,0.37873351756634,0.875733000065361,0.634244411256884,1.45328525758731,-0.22447007495637,0.876715113135364,0.483550235213011,1.46379998053275,0.787099961708575,1.95802031910411,1.75472651689164,1.99835500778616,-0.521431707231025,0.784464924593308,1.13241260201027,0.674485207196842,0.0354891368920529,-0.167342784565891,-0.879549386001159,-0.525867431258698,-0.723758308059594,1.95802031910411,0.70637985232776,-0.256731695307432,-0.0457242659031244,-0.524957007413168,0.51745447952545,-0.577265909244587,0.779591860191806,0.835142686147406,-0.517667219798464,-0.208815520531194,-0.809379813723703,-0.58451420310264,-0.578549876073046,0.619486829000541,0.423524246816931,0.659410333085127,0.952321129377684,0.591034296408847,0.748663424785232,-0.39371337235515,0.5986326863157,0.420114838659207,0.728185801565593,0.706359841191944,1.21425877901804,0.784442942075806,1.01791026274287,0.799147407431237,1.95800688479559,0.503272309578671,0.363289895142925,0.537329340322588,0.165542494021412,0.707616634659491,0.584302577737946,0.381147821828513,-1.32219225869317,1.45283845015633,0.658637352820461,0.589844300559628,0.336594580081152,1.07721803811716,0.458408246610953,-0.804088861975089,0.389055019651227,0.115153995281193,0.378623606149396,1.25327163073225,1.3836010075222,-1.10215451558672,0.773598616559683,-0.774381514166502,1.23136530722724,-0.720141784868818,0.86080928816227,0.179796035350735
4,"2023-11-08",0.263031290656024,1.61619992592343,0.124942567731338,0.401110236658634,-1.29124501139834,-0.319902540046899,0.558788697629354,-0.603818508387285,-0.28136725476802,-0.600378188162601,-0.355249224871336,0.467096849258964,0.486829362045276,0.431510509423298,-0.423563713015203,0.157804933761543,0.811690150310274,0.20279369774265,-0.507635713227329,0.794741426433799,1.29225052107263,0.210515651210625,0.526372262777188,0.810927546461546,-0.213461995024566,-0.612052969884515,0.292052065658923,-0.0873386167677061,0.156881248187317,-0.136746080562668,0.222013329235131,-1.00985648836524,0.430107334896607,1.29605862181678,0.630238120669161,-1.25767040204588,-0.322088507549342,1.0197171037868,1.25400315234209,-0.0873386167677061,-1.00329207461355,-1.23684826131146,0.448140341093724,0.560823635247784,-1.21990092049134,1.21842120437022,-1.0977604505663,-1.22524706184869,0.768363507735247,0.0933375900202357,1.66631013415865,1.67359444905959,0.373734245689189,-1.13496870985227,-0.696377058171698,1.21260222699765,0.305697060529278,1.12357896266128,1.35192140070124,1.04801942459971,-0.0725921861762718,-0.384862157063189,-0.339427912129922,-1.00322541334183,0.479686682839584,-1.0097890141614,0.4296656109443,-0.181342614871955,-0.0873298803622879,-0.354743580654619,-0.212064590254838,0.0449998956449539,-0.506064023266636,-1.01681934218213,1.40543711842022,0.728534130450428,-0.0796068373672362,0.125352080232275,1.3216807149984,1.07439064840206,1.36834427500087,0.474580937808136,1.31873265989798,1.56003507270823,1.31502164512341,-0.225932534955008,-0.507414212523018,-0.522927060173673,-0.4967494032528,0.277624758279474,-0.466578890936386,1.56612520498003,0.118462622808749,0.141174027391926,-0.148779208482903,-0.567512224742107
4,"2023-11-12",1.3642239553595,0.839754786991208,0.266982539468017,1.70089207170703,-0.5107995136232,0.708859776944413,1.36898979864032,-0.277885624623421,-0.281936733380756,-0.88512468141834,-0.316385834540781,0.711130109833342,0.160150763861331,0.150700630255097,-0.406206666694299,-0.193710181391178,0.776267646570731,0.235038584677041,-0.495271604304293,0.804184380854643,1.26857483777152,0.241582829193788,0.43082459847607,0.644474294008961,-0.411336391749779,-0.573731420753578,-0.219636095804164,0.0615127805768666,0.273591837183643,-0.146471131931289,-0.304816426821821,-1.07270487410809,0.180930161391555,1.2956961831969,0.179670708716802,0.0235328372874054,-0.249096197405444,0.749021507253414,0.844323992687425,0.0615127805768666,-1.06317550462901,-0.26558326499688,0.16803420744655,0.502132789698646,-0.671735817611696,0.581168225458672,-0.955777390659312,-1.01759752309248,0.512995630129559,0.133624671427204,1.05233902708369,0.928651388552288,0.440172672789054,-0.735457940844576,-0.529995263437977,1.06240747858699,0.188297849509507,1.41221457402541,1.14185974983243,1.35054230466809,-0.238809994363783,-0.521337603861044,-0.504752439818377,-1.06321835799978,0.229778469186767,-1.07275238973369,0.1482087681697,-0.463964693435379,0.061500821321486,-0.269575531343834,-0.241023862420584,0.0621652935880175,-0.492066748964724,-0.95923689848256,1.15491065458948,-0.0288227297638368,0.226955674373151,-0.127589155417311,1.14727526524291,0.99025964719527,1.41882539938749,0.193455135438883,1.3209210182612,0.946304764898748,1.33628589916372,-0.18863771712057,-0.495241016399884,-0.782151804840699,-0.763890880575479,0.481851875066315,-0.553598350197587,1.78025261810568,-0.291794008576163,0.0840080156634543,-0.439788798509459,-0.495336997310354
4,"2023-12-06",0.827662969763578,0.135666863363282,0.338002525336356,1.10822596217004,-0.488501070829624,0.239771392907568,-1.22905506526818,0.068306557348898,-0.499904672405795,-1.04783696327909,-0.380413415325527,0.23041462298606,-0.294998910277529,-0.296918521678769,-0.459729443733763,0.183177453351514,0.805694877650274,0.418586402611272,-0.328493512831336,0.799542928681685,1.12622896473913,0.0191175773466173,0.255681665211534,0.555905267230111,-0.384625341553829,-0.754022174908773,-0.348598152758274,-0.380529903226241,-0.12538614297173,-0.371623418037875,-0.109595248181428,-0.875102155404819,0.302839489472295,0.992525537056065,-0.294926965206346,-0.683250432694423,0.626811524319916,0.548182838857625,0.674801581795782,-0.380529903226241,-0.874894955550997,-0.827368982127894,-0.288479375274997,0.179333139177798,-0.900572633628915,0.834924634855965,-0.8319471120283,-0.932820801761322,-0.304494876868698,-0.490825090379095,1.42864389916164,0.905371917911412,0.196565106756738,-1.44841747274083,-1.30785561420408,1.38603418399533,0.327098720805904,1.18482634161507,0.884337632290547,0.995694863539656,0.207809888810683,-0.116390261135751,-0.412969838294823,-0.875054442077308,0.355917637953151,-0.875271913072174,0.219038167420578,-0.378317152669787,-0.380541577769096,-0.266543866806154,0.0414325737072075,0.166274626012325,-0.351589913538446,-0.897633275906315,0.755254974237179,-0.291832042502079,-0.126180838668615,0.234414282484476,0.900209083545205,0.873041293546525,1.06416689063339,0.204897142617823,0.94087910664391,1.20806690106334,1.09588392599489,0.0762049872177962,-0.32862875740338,-0.337473730288033,-0.228506308581715,0.375972777714263,-0.41869408793528,1.19689669174901,0.0946744508556243,0.00238147218618708,-0.355703293970299,-0.484029615616224
4,"2023-12-09",1.208519785969,0.944171172354816,0.409022511204695,1.5919336795086,-0.131725986132418,0.622620469469315,1.65256018399416,0.293209354632752,-0.238086880200017,-1.45461766791963,-0.577515903692876,0.0381416021437451,-0.342984732418051,-0.33688615450465,-0.631011956283319,0.0795729983591329,0.648034846534019,0.5525267021849,-0.434824849569449,0.535400026448261,0.91684088496524,-0.508512616516166,0.425234890032781,0.233972253508853,-0.592865220444637,-1.294224481461,-0.772924920800835,-0.596685058577168,-0.346874290779812,-0.699110310052037,0.17655086297641,-0.711696352473392,0.148363099362812,0.925868577448357,-0.367017751118726,0.37009627848579,0.78739460663738,0.845074783445911,1.09860760902833,-0.596685058577168,-0.719198037510807,0.0552291351046158,-0.327155009798685,0.296714830279776,-1.38832196148274,1.39318873553001,-1.15699958085729,-1.30297172271227,-0.744073843669731,-0.12824135771486,1.66631013416097,1.41752027201413,0.373734245691038,-1.25560390247586,-0.748757402261163,0.707599552060098,0.0869398733450199,1.35736129166785,0.541652828955415,1.19949512156615,-0.162564238021351,-0.39542170867129,-0.67385283381885,-0.719084291183774,0.196081874540256,-0.711579211459212,-0.189315636466954,-0.677864929333506,-0.596695846680934,-0.507529988639301,-0.0594438379708463,0.0961301767481165,-0.331419609216044,-1.19487444830519,0.505321601449062,-0.910228671335065,-0.0194673911437326,-0.233921241470902,0.174310564996977,0.773441853774744,0.938983751512201,-0.182721671768466,0.990831266435422,0.731065096791282,0.986531909188973,0.13293339503927,-0.434752374982313,-0.729749755258702,-0.727329396817649,0.702184042478655,-0.620870773901768,1.9276960412373,0.000962679816184146,0.0820509311890114,-0.668419771130533,-0.627852365525745
4,"2023-12-17",-0.159288044638577,0.300349647200261,-0.0881173898736804,-0.0704808984220267,-0.756082384352529,-0.693161515135636,-0.84555987745632,0.0601965562454028,-0.00104140764829462,-0.925802751884793,-0.308905697283078,0.295085281383794,-0.0297024258439355,-0.0758485339312299,-0.423355761404004,0.33065522346822,0.552162616779774,0.500438807906267,-0.672490498867814,0.392279923730403,0.958420084945427,-0.166592427083818,0.676661256993987,0.190514047382707,-0.681902054431134,-0.882564669620722,-0.62316253207993,-0.229096447711947,-0.0586458621098922,-0.322617692533203,0.042837726921345,-0.92630510496591,0.00652754953927755,1.11651393703759,0.0775420953409377,-0.227403897982275,1.10856077126917,0.810146319373728,0.858450860261541,-0.229096447711947,-0.923682338240061,-0.419210380114512,-0.061468505312795,0.678205326346322,-0.385246813208027,0.302123540395622,-1.00176539361064,-1.01891411494629,-0.671183563925067,-0.208815520531087,1.40883837957845,0.672577211502833,0.70592638118771,-1.310803853532,-1.42997363194517,1.13875237730817,-0.136840120272766,1.06695333212299,0.724971442121349,1.46776693543507,-0.138943411910884,-0.364391782985508,-0.756053149231872,-0.923739880469098,0.0493288787143679,-0.92636791377428,-0.191955168303668,-0.6745188473186,-0.229077558642823,-0.399604817373399,-0.160572706261968,-0.184788827870121,-0.583400452611174,-1.00116737306268,0.781876913886217,0.362575568679535,0.368115619083123,-0.531535400889013,1.05426379004589,0.949397980272354,1.1698741090218,-0.154161264115257,1.303122929083,0.153761657388671,1.16392809435492,-0.0872548414897034,-0.672495988365601,-1.06344125272183,-1.14533429199806,0.801001275001927,-0.744575501966925,1.40318748248866,-0.382790232703901,0.323537640782827,-0.656591669365829,-0.558046306639455
4,"2024-01-13",-0.145195134518248,0.432094471012416,-0.940357220293753,0.0892244717103187,-0.756082384352529,-0.437433195097743,0.280619652948922,-0.303905539895642,-1.48211290972372,-1.94275451351175,-0.378438379499616,0.393415245588456,-1.31108592251714,-1.31274482015264,-0.507416353852409,0.0113843519610864,0.374966685592877,0.453311665463694,-1.0535798116734,0.317621760206768,1.21022993880126,-0.25990588100185,1.12394713469391,-0.105152526753984,-1.25226935513269,-1.15487449948923,-1.14733089260309,-0.482507013797419,-0.178622518562235,-0.562888737869181,-0.360975943964948,-1.36347108226548,-0.150640333299853,0.467127988032999,-1.34024336093582,-0.513150386621855,1.19615154344169,1.36900174447501,1.63542857684805,-0.482507013797419,-1.34022443231817,-0.66663794621891,-1.34376457104271,0.942314131317901,-1.21922155018235,1.19459481912253,-1.61620056313288,-1.70775846962161,-0.535621988926303,0.476064863385459,1.82475429082297,1.41752027201034,1.21528765561854,-0.986854641928652,-0.505130508046118,0.901874487272387,-0.254203425217978,0.887235851560322,0.787082962979221,1.61315019403241,-0.407906085515171,-0.696627839504981,-0.897135835325021,-1.34016873648191,-0.113287864419572,-1.3634154134389,-0.190776314738456,-0.813618185341833,-0.482493745928394,-0.658273532701977,-0.349226996066371,-0.548498264502538,-0.97033070013019,-1.58899603071104,0.874352669531017,-1.01222574570651,0.661819834942197,-0.52878909748325,1.44804020878319,1.43813699217084,1.27139741680733,-0.181276971192405,1.48941528999702,1.18462897649742,1.37477385762038,-0.37482178019332,-1.05351788256402,-1.16727356885459,-0.86393921696375,0.892306560735035,-0.875035425033249,1.46967644543801,-0.677364756475851,-0.03963536587503,-0.799819125397798,-1.00334812197996
4,"2024-01-27",-0.906383914194641,-0.157591136565921,-0.798317248557074,-0.715924602916721,-1.33584189698549,-1.09767145357843,0.140184795440355,-0.16989615373023,-0.398964588298183,-1.25122731561529,-0.488749076738121,0.222747415166243,-0.278535277476103,-0.286861954384114,-0.552213589889621,0.250837505591436,0.275837893240126,0.225117081004921,-0.621110757343195,0.621201416617318,1.19496751184259,-0.0755221623268028,0.719650083256756,0.417883085254819,-0.596586162760491,-0.90483522263171,-0.423479347118727,-0.453650385680867,-0.179914751464112,-0.544976197430308,-0.409112672944771,-1.09950786214549,0.153030392437178,1.11311442151545,-0.168768089859687,-0.688732122956821,1.02096999909548,0.949860175645946,1.15511507931847,-0.453650385680867,-1.08871402625325,-0.835501434517481,-0.276868848081925,0.531478212469762,-1.07261795745557,1.08762715650495,-1.18337453151927,-1.2818948385356,-0.304331213829074,-0.128241357719906,1.74553221248828,1.27784344816122,0.595195669353099,-1.37485869305969,-1.07977619381532,1.28551450920761,0.0417649622080004,1.23385946687787,0.972266248914616,1.29235457542028,-0.0856961203207442,-0.375813054200107,-0.632755427653352,-1.08874814153494,0.200910980376525,-1.0995462295455,0.0221097455433725,-0.556479078933099,-0.4536702295172,-0.428817875310522,-0.167912441507166,-0.0488395812044881,-0.548172078447004,-1.18147680213622,0.963177875618227,-0.0759485162447262,0.392964899505477,-0.321230090391823,1.55604081984064,1.12927512205017,1.22326506022668,0.0575066791193975,1.31441996162438,0.861914587408438,1.24185918838882,-0.147146275412121,-0.621085863086217,-0.938302236030394,-0.907774459679204,0.560833671416253,-0.633160490983795,1.91132879386418,-0.330730334381719,0.0953996195531129,-0.535048777956566,-0.659874954896687
4,"2024-02-07",-0.767234937640745,-0.415092383107859,-0.372197333347038,-0.306155269058906,-1.06826058346259,-0.761652453736052,-0.931981328230823,-0.550753455527025,-0.678293847845621,-1.6580080202558,-0.419656295902983,0.385668994389054,-0.867737060778043,-0.882315127225427,-0.516988592469213,0.160976498710289,-0.0603491933695637,0.237518960595072,-1.09177117034678,0.386902656927251,1.33877297801552,-0.121307956502059,1.08994672191139,0.0987432842205025,-1.1047605704685,-1.05417049552505,-0.768764854447475,-0.453054526103239,-0.104518939347974,-0.465462384565934,-0.590962537979659,-1.20339254681456,0.152391162913887,1.10352787592758,-0.57127497787046,-0.455032987436211,1.34213616372925,1.52617983278473,1.79082412016544,-0.453054526103239,-1.18769781351409,-0.670585603528251,-0.891494063322239,1.14773209074006,-1.12870442489257,1.20962755904447,-1.65626547380479,-1.73729844197092,-0.727767418375651,0.516351944792391,2.00300396707059,1.9529480967498,0.949533947219928,-1.10533470486998,-0.640452516437212,1.01315082711725,-0.0677185303573881,1.37702951168568,1.05028890268312,1.55093005872708,-0.290197432462839,-0.639147977320961,-0.794268704400615,-1.18758987061354,0.200252693186179,-1.20328190956043,-0.0465066007302615,-0.705445443608836,-0.453050150757528,-0.644335363086561,-0.310005035563815,-0.360372772185784,-0.854219226053063,-1.57612210984857,1.2354039691011,-0.465377464153347,0.416640440817423,-0.244520568309635,1.60781164579733,1.33829410034467,1.53007855615738,-0.0268640381995857,1.43957524780856,1.94194178784405,1.53097195616919,-0.3477886334047,-1.09197599453209,-0.925745050430967,-0.817377553452858,0.615457782908066,-0.830744870922253,1.63807995702951,-0.389027985759648,0.164514771444944,-0.692456769608088,-0.989023793935255
4,"2024-02-15",0.217013615386334,0.207525922279941,-0.514237305083717,0.59287180585039,-0.332411971274596,-0.0244323797657276,0.491271939211775,-0.548161024617114,-0.698367968944594,-1.41393959746514,-0.338630419846562,0.521755346242504,-0.197652700647242,-0.178510172828727,-0.475227295567985,0.155690557129046,0.226231790819159,0.426027530365362,-1.15386647293803,0.340226235075066,1.34730132124929,0.565276374029747,1.37396621176004,0.10698565831933,-1.09652134105482,-0.213191458805502,-0.860286314221361,-0.271799717441948,-0.0211439582040985,-0.3501096994813,-0.152383451719049,-1.39822254261742,-0.10592179329964,1.09284431417641,-0.150745393381592,-0.493287414245113,1.54651463213203,0.9411280596318,0.731309052092884,-0.271799717441948,-1.37333644656201,-0.662575600653373,-0.166609278057938,1.38249547293713,0.933730681992122,-0.938256958521572,-1.20194064551418,-1.03643856415645,-0.512115649876583,0.818505055343732,0.220507204595133,-0.142204260926523,1.28172608271823,0.0579456493332038,-0.47727698554065,0.851449861051339,-0.129496915970191,1.20982544826638,1.05273310627295,1.97684574709877,-0.594309176199724,-0.838777486907484,-0.944266471122027,-1.37346904670691,-0.0670195823100583,-1.39836452206033,-0.253957064800895,-0.899461589752165,-0.27178324427398,-0.298928299383518,-0.459514338697217,-0.5660799135209,-1.02164206535714,-1.22067934569213,1.38961564516064,-0.0777132228615372,0.0303320448490006,-0.157957310040415,1.53111575375728,1.76825374117219,1.60780849738205,-0.217165612574885,1.49549282830321,-0.902961359415758,1.71097026159511,-0.467878427164513,-1.15388488950658,-0.838373880689133,-0.708718900173623,0.98669065018952,-1.05389404688463,1.67198112034204,0.0182340869594134,0.317828790590573,-0.889215121081744,-0.6284399354378
4,"2024-02-28",-0.012103428182001,1.66473684635409,-0.0881173898736804,0.426444065797577,-0.711485498765378,-0.160906434705169,-0.14068491957678,-0.940067425661832,-1.27496506434068,-1.5766518793256,-0.376508891753517,0.289460027536609,-1.01120911121355,-1.01783263840237,-0.487579182447578,-0.129750288258126,0.254543379855886,0.138303923873866,-1.30031247418199,0.306811105145617,1.44639665341159,-0.295705773255189,1.38826280651012,-0.093486179380954,-1.41027651275948,-1.32543564537901,-1.26381275049713,-0.543426562043473,-0.159973020943322,-0.454013846362696,-0.663167631449393,-1.48731937181758,-0.110408634020544,0.828250012138334,-1.01583482433012,-0.199971664289599,1.56111309416084,2.2072848821271,2.77970485036664,-0.543426562043473,-1.45823001499569,-0.452522247019688,-1.03270389356484,1.38249547293721,-1.93577177494844,2.35572279098614,-2.01016715648218,-2.14384687877272,0.255080863799787,0.83864859604735,3.07250202455619,3.0470832168699,1.45889522165121,-1.37306655430008,-0.428813659248654,1.10898806013723,-0.226536439831497,1.05802727144505,1.00097500204336,2.01330158029706,-0.71668724268138,-0.983235498639062,-1.03143447766134,-1.45827834645144,-0.0716615917386279,-1.48737298501016,-0.349012342661749,-1.03567868585044,-0.543408297404114,-0.85939052428845,-0.760717684937687,-0.720700298748899,-1.1754355270973,-1.81577021522352,1.37872826842478,-0.427101537667779,0.537959920818528,-0.241139842033516,2.00226789473687,1.77758951038768,1.56362643064078,-0.312781420553812,1.38228108883177,2.74379438706957,1.67614841320812,-0.663534618000447,-1.30048413333072,-0.965362270907553,-0.691309227002646,1.06097264491968,-1.07664724183795,1.34378054071211,-0.452376027563359,-0.243346627985539,-1.02846982226683,-1.22671033728545
4,"2024-03-06",-0.188123118595863,0.742638848406986,-0.15913737574202,-0.050034462530874,-0.533097956416775,-0.551628291730038,-1.59094489038641,-0.738644857879334,-0.772542558253572,-1.41393959746521,-0.464764930757308,0.212880166614623,-0.177442049524499,-0.185445795818978,-0.564195144481035,0.257180635488929,0.641424406766298,0.284646103037644,-0.951919360528434,0.517885975391682,1.37658898377383,0.57483836680447,0.7863920702854,0.292283291840052,-0.896786473171679,-0.217392599076784,-0.677243394673591,-0.555911238908058,-0.233609814958969,-0.470241515725989,-0.192497392535568,-1.33999536170859,-0.0403625357314476,1.07078670542016,-0.186790786337782,-0.834252900201533,1.23994692952803,0.976056523700918,0.957338933282042,-0.555911238908058,-1.31785620993004,-0.921141078821224,-0.17289150367875,1.03035039964183,0.0194267257245022,-0.058811321697788,-1.23542184301852,-1.18541858680153,-0.261544019840251,0.435777781978598,0.913700390002679,0.556179858299173,0.971680089586622,-0.549706104792433,-0.702692160437792,1.28466692759975,-0.055683364534928,1.23267593747303,1.14772928933263,1.85370392602382,-0.412372255037621,-0.647141785667501,-0.785708037294937,-1.31785516126353,0.000815419261925834,-1.33999702607942,-0.0215676184203939,-0.674632115569147,-0.555892129202795,-0.325633054417389,-0.419588874218745,-0.377351272687328,-0.876060906551232,-1.24271174963926,1.38825145884647,-0.196963447823081,0.401130298017687,-0.354231091925861,1.614510215431,1.2753030588441,1.62204234331991,0.0180047944994428,1.43309051791098,0.0384151701221918,1.52752271142488,-0.538143207692216,-0.951704020053068,-1.04823190588573,-0.927814068537333,0.8411754391767,-0.913038261430357,1.48366291954391,-0.331883058878225,-0.0570886068024798,-0.657710941742623,-0.652759055304297
5,"2023-11-08",-1.37845815480573,0.430433365029696,-1.08239719203043,-1.249225420786,-0.176322871719568,-1.01087485726176,0.558788697629354,1.62539809904898,1.03398597100098,0.41657357346602,-0.133113674075879,-0.467946809550559,0.388148461792552,0.352774371667444,-0.148387676564986,-0.882996963585387,0.400727242668769,-0.275918854437168,1.83522554870002,0.691511206676633,-0.547193700201734,-0.954563032153711,-1.8657635306235,0.724961087977978,1.64568025493229,-0.946406983659202,1.02422374385001,-0.216867139237774,-0.392067671611341,-0.138422245853287,1.92017015713445,1.73902099511128,0.766543926102642,-0.0340223291361527,0.101572357311727,-0.57478911208997,-1.32938238753457,-0.97993746415404,-0.907407586526494,-0.216867139237774,1.61590347762135,-0.484079410406748,0.37002976846539,-1.66942849562336,-1.39291546240287,1.40474595813356,1.21017199820332,0.885449267359425,-0.124109948968706,-1.57857628836506,0.279923763343621,-0.0956453196463933,-1.33151871653648,-1.28133254944396,-0.786880581267962,0.0493626687805791,0.688290940987113,0.214341462434241,-0.491497100944138,-1.33083544095934,1.57509269255208,1.75252197729543,1.66357937229451,1.61583804685009,0.832537307148208,1.73895214585233,0.765944730248687,1.31382575418884,-0.216886730336914,0.186485414697859,1.50899637059973,1.54322258900769,1.76971571427094,0.9072485762047,-1.05068334689214,-0.696586759427789,0.547332263068919,0.38982551835272,-1.17235164356599,-1.37447721387295,-1.07608036975079,0.814344383178953,-0.772622632517451,0.473338436433098,-1.17157464794087,1.65685738363087,1.83547638052446,0.853172285542861,0.522915014117464,-1.03200179546716,1.44152274457987,-1.07014668779327,-0.664491050645787,0.0777541069014903,1.39076199195241,0.612506343326909
5,"2023-11-12",-0.559857352428352,1.20137773483646,-0.15913737574202,-0.157767792612823,-0.421605742448898,0.0632306715186718,1.36898979864032,1.75713758044049,3.06246878956972,1.27081305323345,-0.203027031718675,-0.629247999491862,1.66838711962623,1.68310443631054,-0.157302688308918,-2.21928299532385,0.353633941484428,-2.79598078715579,2.46936695746375,0.933764662947939,-0.665165770093816,-0.51570897204315,-2.28702893977166,1.21472217256482,2.56382277136916,-0.164609786841868,1.69399442674071,-0.158671520489448,-0.269641345489129,-0.105420856159096,0.227361854677333,2.45124108413253,1.72089219477554,0.830470499838658,1.51935781358848,0.946469767958018,-1.02281468493054,-1.53879288925441,-1.69851217068589,-0.158671520489448,2.97261542294214,0.921384362365949,1.67628904408491,-1.9041918778202,-0.0745806977191572,-0.00136822741859212,2.42466927304298,2.31478504318778,-0.989409435176089,-2.12245188735702,-0.29443630456395,-1.0501036159192,-1.66371085203478,-1.47593059505894,-1.80486065548195,0.518455584683229,1.59722579125538,0.809490565376323,-0.514448422651146,-1.46628727907819,2.32638799224814,2.68273425917948,2.2710438668297,2.97263165697211,1.13484823198736,2.45136458771482,1.37899034482376,2.10621045531854,-0.158661987314666,0.864458147734193,2.33210237967753,2.50623190816887,2.8495855020909,2.07059676014155,-1.01770652180384,0.227100960365759,-0.916367804156061,2.25885235539429,-1.12025491183928,-1.3951448211289,-1.16461521428858,0.865171372263947,-0.895187702631067,0.106356415888851,-1.22262538147728,2.49541855906854,2.46920811834099,3.34150289775643,2.18643098351923,-1.12773678738681,1.7316072432299,-0.651694561608527,0.888202783614041,0.192527711193397,1.57415673272799,1.50815556443377
5,"2023-12-06",0.163387741792773,3.07587005864359,1.19024235575643,0.764891766658247,0.604122626055571,0.971221700171909,-1.22905506526818,1.80539932202108,0.464649727917286,-0.315631694873117,-0.12738919957768,-0.205654528291876,-0.521385031376932,-0.508588748253786,-0.239093107477468,-0.723890121989945,-2.64335246620358,0.671584746250347,1.48958001480714,0.462300792225886,-0.546251092713944,-0.668381369938253,-1.45329464966564,0.384428807406432,1.16288798945028,-0.508763395982143,0.683098302874615,-0.0757902906679652,-0.254942851158485,-0.220197149322596,1.66878946135092,1.34381555770473,0.487879614635614,-0.340820007013068,-0.655380894768235,0.122723809685322,-0.964420836814765,-1.32048998881768,-1.50073602463881,-0.0757902906679652,1.23934237946533,0.117364417978379,-0.503218135009193,-1.58139222729161,0.128706151605966,-0.222732079511951,1.49572274666591,1.45475327958261,-0.726065253402224,-1.49800212554491,-0.631130137471916,-1.14322149847439,-1.26508028943354,-0.517760392842038,-0.729328106932106,-0.160970529251026,0.597791664883646,-0.0644093173370987,-0.545670672984478,-1.47504591873566,1.25511191073725,1.46935267499811,1.17875339601821,1.23949853825568,0.547374703160969,1.34397893762888,0.458276740868556,0.94524532515996,-0.0757653137741332,0.449141886817143,1.51651001677897,1.20400073572714,1.43818347897505,0.951275424568866,-1.21110090668756,-0.868889208214541,0.415111294578838,0.276684046730063,-1.3726870229034,-1.27846387539561,-1.14439773175126,0.508536313624502,-0.907895556968802,0.133771676430648,-1.16902017053705,1.67236291976256,1.48949140611263,0.718141284141244,0.577905705568263,-0.777057071179273,1.35105871248297,-0.485336505571357,-0.485048052132175,0.19115579374499,1.01124302411835,0.685992967840161
5,"2023-12-09",0.742022087287841,0.817842922222323,1.61636227096647,1.23102070792099,0.894002382372051,1.42994007496999,1.65256018399416,-0.00765025176545164,3.3613026916034,-2.4308913590629,-0.297314076771486,-0.0416131678582673,2.8736213389937,3.07735260371241,-0.512399484553573,-0.712261050511208,-3.05775266350349,0.195352569988559,-1.08270415713655,-1.32183767161358,-0.666409291473644,-0.0133841516799403,1.4612495664344,-1.2131973402157,-0.977451186947505,-0.0304855478769424,-1.75470058019342,-0.379281435539783,-0.638217796183341,-1.07978360066177,-2.63142499417994,0.375211024491297,-0.364445787011289,0.925602260019644,3.3576728543541,5.24219731424832,1.57571155619382,-3.53844745719097,-0.0235088722197571,-0.379281435539783,0.316433046285928,5.000211924485,3.00939609758401,1.99874935121696,0.0339816377292501,-0.0320061683181175,-0.0464540575509219,-0.0385323161722319,5.91435347358642,0.00841874195696991,-0.0412363287180075,-0.0522815998234812,0.0128823965399944,-0.0492329400285865,-0.0794768882740851,-1.97583552392888,-2.70103070346503,0.380300043660416,-1.1822844822939,2.17385415056307,-0.0850784156241147,-0.0906258228086383,-0.0686302744645008,0.316459498542115,-0.334510076502823,0.375237462164866,-2.81165068075174,-3.09064464066594,-0.379258417408585,6.14374357488777,-0.065496514137733,-0.801223632304682,-0.480239899602808,3.90418643173122,-1.47052179779464,1.72033077057267,0.109669070083824,-0.0550288290147581,-0.00586460602648323,-0.0160288547927922,0.445738248028323,-2.81425957405728,-2.23351531893009,-0.0382803491253761,-2.03644247210318,-0.0716525076458089,-1.08249752719737,-0.0763972150403972,-0.0678866777825967,2.6650120249301,-2.37238820684816,-0.151663833865279,-0.107543600952647,6.51305323328196,-3.14442199086284,5.86796532272464
5,"2023-12-17",-0.212972300530704,0.115768673006395,0.693102454678053,0.181010491388426,1.36226968103714,0.396623031937088,-0.84555987745632,1.61896995222177,1.03640625510511,0.416573573454458,-0.470175238154395,-0.916597032079226,0.404504134530697,0.384735017115929,-0.485056931628566,-3.30237242532073,0.424788270277565,-1.908006208501,1.70938639566112,0.515666060066685,-0.570603880866544,-0.449301062668025,-1.71932749011929,0.662545203545222,1.6758464658501,-0.109200049929033,1.20726666339778,-0.752459776728466,-0.874805492543732,-0.610644709154543,3.93656424884481,1.62182724052019,0.587645297986065,-0.141708045989831,0.221723667165692,-0.672536717339944,-1.02281468493079,-1.40781114899864,-1.61375096524258,-0.752459776728466,1.50423849341606,-0.609138001290993,0.403499573951327,-1.64008307285126,0.282414210912255,-0.366189036291221,1.87364591186279,1.85099059711496,-0.890938334671266,-1.57857628836625,-0.710352215809811,-1.37601620489399,-1.22078800470452,-0.530430466242615,-0.829712799465566,0.0322281883466958,0.625929054233569,0.0263529069339677,-0.588914607195036,-1.53196176129388,1.52542348092507,1.74902126223639,1.31989775697645,1.5041917768167,0.650599000854625,1.62177793359392,0.615114718026861,1.17959187909554,-0.752450687669756,0.632161846886223,1.51123774185988,1.46882377487945,1.76027912189969,1.41240102101943,-1.07158022683746,-0.506384605807443,0.0652644823116642,0.424529121711294,-1.33747510971444,-1.15881007603301,-1.16877234950377,0.648383425812363,-0.391559215342524,0.0455841903445814,-1.1400778852159,1.53120950779644,1.70957193784097,0.965604709879367,0.638406539619078,-1.32800180316693,1.44080592041595,-0.428114711763231,0.0773669383850184,0.179432237675495,1.25254439353569,0.999808622534131
5,"2024-01-13",0.231219517407604,1.05035566208018,1.54534228509813,0.594210360725405,1.38456812383071,0.80325381849403,0.280619652948922,2.06701502043111,0.708528943821852,-0.844446610951418,0.0173884080950162,0.15325511061378,-1.03427967776804,-1.01144946937696,-0.176451702101649,-0.0504611645394676,-0.465594869981678,-0.285840358109289,1.64454351330919,0.537231248734142,-0.528491273678375,-0.783266861394298,-1.51940997966368,0.338995525382693,1.12527989390076,-0.664296390851627,0.362773193666016,0.212690867700749,-0.186142523374193,-0.113236582352744,0.037489201479143,1.38817912411145,0.46018170763596,-0.240424509308951,-1.15400883066217,0.46620521531729,-0.599459286095958,-1.48640019314914,-1.65613156796087,0.212690867700749,1.28161303594683,0.395293707469537,-1.02394064212172,-1.8161556094939,-0.0109291215195868,-0.0817703940917555,1.5981687892039,1.52743751931203,-0.946320015649198,-1.59871982906594,-0.749963254973166,-1.49241355809286,-1.17649571996928,-0.414146395751867,-0.531189772274328,-0.0961578411595723,0.393970774649804,0.610148353468661,-0.783411514318007,-1.55307761706696,1.31036315544294,1.51402817871277,0.960453235481428,1.28166501360355,0.518717083666166,1.3882332018432,0.406286561265193,0.884748133013891,0.212682559537778,0.502254383159619,1.75885647249847,1.79504213036761,2.04350538228067,0.90456197190669,-1.44748147751919,-2.35549509062302,0.874701748647067,-0.126757344517142,-1.42307869335751,-1.28395375177438,-1.34022153156293,0.383457003624988,-1.09540810828018,0.0511018457630177,-1.27150085790634,1.97818208320685,1.64449602957841,0.22829896119234,-0.0014897803150038,-0.72044440390418,1.54670282994135,-0.625672757343139,-0.789383719195577,0.0495483969188899,0.869744414371167,0.705287988883925
5,"2024-01-27",0.00556768479133388,0.807981530633251,0.551062482941374,0.311843607158619,0.983196153546353,0.525376151046289,0.140184795440355,2.02803801791753,1.33424356956649,-0.80376854049902,-0.465048591942331,-0.716380151588544,-0.838124629153152,-0.826560805231911,-0.485616019760593,-3.64701581641784,-0.667908386973683,-2.96464634958184,2.02316000433017,0.720289041577929,-0.627494369613058,-0.98943781580379,-2.01814910590458,0.495386022145235,1.4217592619961,-0.936209717522423,0.525015781446995,-0.764603962405835,-0.836986365227452,-0.725126126175946,1.42810581645181,1.72497253241581,0.821315803150984,0.0199413421639755,-0.931728907432344,-0.422943020732125,-0.327527150266358,-1.37288268492983,-1.38772108405392,-0.764603962405835,1.80541692084674,-0.389761884350515,-0.831588786846755,-1.99222814614656,-1.06361886504118,1.01337269049664,1.42270291546096,1.14827012870973,-0.761779920280346,-1.69943753258678,-0.274630784982731,-0.677632085668938,-1.5308339978363,-0.861134020079903,-0.443216064425187,-0.214413854627535,0.937623808828235,0.785680075831111,-0.848817667742057,-1.52829945534049,1.76164013674717,1.9603738568584,1.87817845484249,1.805496340129,0.677180208703412,1.72479057105865,0.84455239161353,1.43900831829958,-0.76460701038698,0.351235597331998,2.09692694896832,2.15468354180749,2.44466787144156,0.783039160004541,-1.47976875090761,-2.03924233231499,0.474783587073737,0.591484113514823,-1.82403567394947,-1.58068483625331,-1.40641291645329,0.768276185527314,-1.08984631393347,0.224438463469329,-1.41943280514756,2.19662163588516,2.02311113166924,1.17123573325585,0.744046321698132,-1.30826559262208,2.15464937199597,-0.684948969433184,-0.579219453309685,-0.0997006790593984,1.4000798010199,0.650015403868396
5,"2024-02-07",0.240471995320251,0.950815596285695,2.0424821861765,0.841675572329854,1.11698681030781,1.04678479332409,-0.931981328230823,1.75470534894781,0.999390145277211,-0.0715632721044603,-0.286200914125147,-0.805778213900017,-0.19697150629775,-0.172595670543823,-0.341576297664483,-0.940613726820946,-1.72513388320003,0.711270760938829,1.84676538369485,0.715229796352233,-0.542210165990263,-1.0128539284338,-1.74111501305089,0.644474294008961,1.50840406163669,-1.04557153969392,0.874461355129104,-0.748827870731495,-0.657308834495228,-0.50113300240754,2.29456693808863,1.85103900028825,0.815893057003637,-0.0333203798869645,-0.294926965206346,1.10031505723445,-1.19799622927561,-1.04106227627143,-0.963915056819994,-0.748827870731495,1.72263688523714,1.01466173462041,-0.159500540385734,-1.75746476394463,-1.45928822210765,1.4789950265427,1.14969593461259,0.817786283044829,-0.57137943163522,-1.78001169539689,0.398756880844704,-0.258601614127494,-1.26508028943558,-1.59022762000588,-1.14685765449313,0.259618696111569,0.56384363301644,0.163521321430817,-0.571929695289515,-1.39498534816943,1.6791699895776,1.9541670549459,1.46199770913611,1.7226079331314,0.886761936589192,1.85100852994999,0.710477623220842,1.24104491257756,-0.748845003060353,0.179629734857083,1.68091008655013,1.52329080954735,1.73882075912999,0.749788859048616,-1.17501882808684,-0.557580085249567,0.528561828320531,0.15022367548272,-1.09906298037269,-1.31153006336047,-1.1515977779359,0.764814801400431,-0.603761953915629,0.228852443550739,-1.18524284245111,1.84708082903486,1.84660810064547,0.542551051438086,0.227065210640648,-1.34097202701323,1.91101494712218,-0.881474213754159,-0.689176931568691,0.0400558843861634,1.31582119827223,0.533050361160983
5,"2024-02-15",-0.239703917876011,1.12779442335273,-0.0170974040053409,0.235448227823372,-0.109427543338842,0.450195314897459,0.491271939211775,1.61029866550085,0.818723055386437,-0.0308852016505445,-0.240636873926481,-0.699886433048319,0.0147017281943412,0.0559612048585305,-0.319006817162423,0.486590500114916,-0.0776572848749525,0.765839031135492,1.79538564217023,0.797626484927335,-0.418782257302508,-0.674718624944444,-1.72639703509587,0.753869314132681,1.52514830205803,-0.6226062721845,0.878621421482462,-0.646567017504305,-0.712748150436334,-0.436030970077009,1.61797846965,1.74013008427144,0.909505009249483,0.000918164772623707,-0.186790786337782,-0.0114599889543033,-1.05201160898802,-1.16331190051472,-1.18994493801142,-0.646567017504305,1.61696024403339,-0.0319506263909663,0.0714916684789449,-1.69877391839792,-0.849546621793525,0.786244833869545,1.34543393321748,1.11972278628856,-0.669083343266725,-1.63900691047459,-0.0567700695676953,-0.514675791180114,-1.37581100126945,-1.08684338083719,-0.877625177402866,0.222850462688001,0.93831296696363,0.24392158825182,-0.41547789764047,-1.34218136657773,1.60873944497774,1.79388446555901,1.59183607539079,1.61696428435597,0.936152147787107,1.74013414676045,0.821175319489417,1.27461476555319,-0.646569651744129,0.380744859479305,1.65381874565709,1.51952715254542,1.65949014577153,0.905953279160024,-1.02968548452362,-0.672138291140305,0.0827281467518495,0.804074624170537,-1.03081280358224,-1.22771333844973,-1.02716979328091,0.784550752225283,-0.708156073760947,0.131500442115051,-1.06674315895125,1.74780417478279,1.79544109654245,1.27214256410848,1.02308741698012,-1.08520537960912,1.64161269079315,-1.01762156270488,-0.184963993835454,-0.0198680329721138,1.25565309808444,0.692534680386945
5,"2024-02-28",-0.183691908434181,1.61117451025237,0.835142426414732,0.353324066012976,0.291944426945515,0.56619716251371,-0.14068491957678,1.64817036083736,0.0849498628749753,-1.0478369632816,-0.463303940942805,-0.528191038691492,-1.07363448278145,-1.0494132570874,-0.333295206363531,0.325897876045101,-0.685539701874655,0.621977227889744,1.18789575708505,0.363851288992591,-0.43738926205488,-0.628419416043221,-1.2377206341142,0.178718061823348,0.752255426736438,-0.521782621853341,0.254611468478696,-0.658455834791262,-0.341923986117368,-0.64780530916285,0.724774720802172,0.782246746272971,0.200030584228661,-0.433821227764355,-1.23811474755995,0.58174184291955,-1.19799622927566,-1.17204401653072,-1.31708674617881,-0.658455834791262,0.704266319503685,0.473837957972813,-1.0640232479814,-1.46401053619959,-0.0584797666514722,-0.0372166245187299,1.04121909202193,0.981181013496701,-0.601514262986419,-1.35699734062567,-0.512297019977086,-1.16650096912227,-0.95503429630411,-0.487392592914407,-0.577256506952757,0.0204180996290659,0.183059929992991,0.164244232978242,-0.62528863599728,-1.27596557797321,0.813190670534041,1.14413380833315,0.66142772044716,0.70425687283952,0.249543236667878,0.782235849442743,0.308173136207396,0.693309994204699,-0.658469650067423,0.298342605848696,1.21484992574051,1.07730232773341,1.25236589986484,0.451556289379879,-1.19579230139266,-1.77135212782634,0.886722643284277,-0.32552240975567,-0.976984668713032,-1.03622883797881,-1.09451183090881,0.356005821052538,-0.873533467519814,0.0795808809208379,-1.04386716618156,1.30141539845768,1.18809347655291,-0.0935475664168808,-0.124599641971568,-0.88046575491799,1.31982391170321,-0.691323195386799,-0.879285753065631,0.00735646504358802,0.751830887079517,0.422502272975146
5,"2024-03-06",-0.699998352096203,-0.416157104682843,-0.443217319215377,-0.279435914868787,0.470331969294119,-0.0565031604053363,-1.59094489038641,1.53960700969297,1.58381757159843,-0.315631694895373,-0.338700606297979,-0.405436670194836,0.0594012949546728,0.064499772695926,-0.375987113913805,0.387743392545654,-1.14401992418718,0.426027530365362,1.96875792506881,0.778358118763736,-0.536700285528629,-0.336953684832785,-1.84915764716062,0.708648464431079,1.61936787712732,-0.0187452577111708,0.778779829001859,-0.315013723952772,-0.509870442710137,-0.395851617584484,0.222013329235131,1.56785156805867,0.845077402033526,0.254764530316834,-0.186790786337782,-0.564352146776052,-0.864950923972387,-1.4514717290807,-1.5996240976643,-0.315013723952772,1.61819313818077,-0.474892252312987,0.0807055595859978,-1.8161556094939,-0.162430660400656,0.0582955962108797,1.71046857527133,1.60181008874858,-0.772810221168144,-1.13541839288713,-1.12626812705204,-1.25961885168536,-1.30937257416874,0.5375391185958,0.745244046537097,-0.523759279316651,0.782369522541264,0.635103416077353,-0.609143709645365,-1.35498139397141,1.0433112023003,1.3475531909941,1.50757940985596,1.61810149157742,0.806200924970848,1.5677089423845,0.776855090556593,1.32110898280388,-0.315009966364517,0.65202577052726,1.57375359650281,1.90762291987628,2.13072120743655,1.10991585059637,-1.13187143871177,-0.970629058687876,-0.0132346688771722,0.673138874507584,-1.4328775858043,-1.21609794179169,-1.17249170839478,0.7443956087405,-1.16690515508577,-0.062745340556864,-1.16149318533113,1.62004356751258,1.96869998847853,1.20582510655637,0.696041301745741,-0.720046887186079,1.54489001797727,-0.593510237696627,-0.0764219456663893,-0.241231450259175,1.30088666362335,0.958463600835095
